ego_id,ego_label,community_source,seed_strategy,budget_requested,budget_sanitized,budget_k,greedy_pool_size,p,propagation_regime,propagation_mode,propagation_multiplier,severity_regime,severity_score,base_harm_weight,method,mean_infected,std_infected,mean_total_harm,std_total_harm,mean_harm_per_node,mean_worst_community_infection_rate,mean_worst_community_harm_rate,runtime_seconds,n_runs_eval,n_runs_greedy_oracle,blocked_nodes_json,seeds_json
18534908,moderate_large_circles,circles,high_degree,10,10,10,19,0.03,medium,constant,1.0,low,0.15,1.0,greedy_blocking,46.40625,8.511318365716361,46.40625,8.511318365716361,0.25084459459459457,0.447067179144385,0.447067179144385,0.02501,32,32,"[1699641, 4777911, 10779412, 11991892, 14575292, 14631169, 16358736, 16371223, 19576151, 32805127]","[12771872, 15578561, 16371487, 18729482, 18794888, 19597106, 20101482, 30007505, 33080180, 114636253]"
18534908,moderate_large_circles,circles,high_degree,10,10,10,19,0.03,medium,constant,1.0,low,0.15,1.0,fairness_aware_greedy_blocking,45.9375,7.881941385217223,45.9375,7.881941385217223,0.2483108108108108,0.4041048565405183,0.4041048565405183,0.02674,32,32,"[4777911, 11991892, 14575292, 14631169, 16358736, 18396537, 18794066, 19576151, 27403903, 32805127]","[12771872, 15578561, 16371487, 18729482, 18794888, 19597106, 20101482, 30007505, 33080180, 114636253]"
18534908,moderate_large_circles,circles,high_degree,10,10,10,19,0.03,medium,constant,1.0,low,0.15,1.0,harm_aware_greedy_blocking,46.375,8.264771721766017,46.375,8.264771721766017,0.25067567567567567,0.4957553475935829,0.4957553475935829,0.02599,32,32,"[1699641, 4777911, 7861312, 10779412, 11991892, 14575292, 14631169, 16358736, 16371223, 27403903]","[12771872, 15578561, 16371487, 18729482, 18794888, 19597106, 20101482, 30007505, 33080180, 114636253]"
18534908,moderate_large_circles,circles,high_degree,10,10,10,19,0.03,medium,constant,1.0,low,0.15,1.0,harm_aware_resilience_greedy_blocking,46.21875,8.011018118212103,46.21875,8.011018118212103,0.24983108108108107,0.41056567513368986,0.41056567513368986,0.02606,32,32,"[1699641, 4777911, 10779412, 11991892, 14575292, 16358736, 18396537, 18794066, 19576151, 32805127]","[12771872, 15578561, 16371487, 18729482, 18794888, 19597106, 20101482, 30007505, 33080180, 114636253]"
18534908,moderate_large_circles,circles,high_degree,10,10,10,19,0.03,medium,constant,1.0,medium,0.49,1.6,greedy_blocking,46.125,8.087226088496081,73.79999999999998,12.939561741593693,0.39891891891891884,0.4538480820649938,0.7261569313039902,0.02486,32,32,"[4777911, 10779412, 11991892, 14575292, 14631169, 16358736, 16371223, 18701960, 19576151, 27403903]","[12771872, 15578561, 16371487, 18729482, 18794888, 19597106, 20101482, 30007505, 33080180, 114636253]"
18534908,moderate_large_circles,circles,high_degree,10,10,10,19,0.03,medium,constant,1.0,medium,0.49,1.6,fairness_aware_greedy_blocking,46.125,7.89344358394378,73.79999999999998,12.629509734310014,0.39891891891891884,0.4424966577540107,0.7079946524064172,0.02542,32,32,"[10779412, 11991892, 14575292, 14631169, 16358736, 18794066, 19576151, 27403903, 31353077, 32805127]","[12771872, 15578561, 16371487, 18729482, 18794888, 19597106, 20101482, 30007505, 33080180, 114636253]"
18534908,moderate_large_circles,circles,high_degree,10,10,10,19,0.03,medium,constant,1.0,medium,0.49,1.6,harm_aware_greedy_blocking,47.03125,8.414597052051102,75.24999999999999,13.463355283281725,0.40675675675675665,0.43781751336898395,0.7005080213903745,0.02531,32,32,"[4777911, 7861312, 11991892, 14575292, 14631169, 16358736, 18396537, 19576151, 27403903, 32805127]","[12771872, 15578561, 16371487, 18729482, 18794888, 19597106, 20101482, 30007505, 33080180, 114636253]"
18534908,moderate_large_circles,circles,high_degree,10,10,10,19,0.03,medium,constant,1.0,medium,0.49,1.6,harm_aware_resilience_greedy_blocking,46.75,8.250122188733465,74.8,13.200195501973507,0.4043243243243243,0.4557277740641711,0.7291644385026739,0.02544,32,32,"[1699641, 4777911, 10779412, 11991892, 14575292, 14631169, 16371223, 18794066, 19576151, 27403903]","[12771872, 15578561, 16371487, 18729482, 18794888, 19597106, 20101482, 30007505, 33080180, 114636253]"
18534908,moderate_large_circles,circles,high_degree,10,10,10,19,0.03,medium,constant,1.0,high,0.695,2.4,greedy_blocking,46.4375,7.881941385217223,111.4500000000001,18.91665932452138,0.6024324324324329,0.4339906417112299,1.041577540106952,0.0251,32,32,"[3991341, 4777911, 10779412, 11991892, 14575292, 14631169, 16358736, 18794066, 19576151, 32805127]","[12771872, 15578561, 16371487, 18729482, 18794888, 19597106, 20101482, 30007505, 33080180, 114636253]"
18534908,moderate_large_circles,circles,high_degree,10,10,10,19,0.03,medium,constant,1.0,high,0.695,2.4,fairness_aware_greedy_blocking,46.34375,7.88469065811675,111.22500000000011,18.923257579480246,0.6012162162162168,0.4627172459893048,1.1105213903743314,0.02528,32,32,"[4777911, 10779412, 10940912, 11991892, 14575292, 14631169, 16358736, 16371223, 19576151, 32805127]","[12771872, 15578561, 16371487, 18729482, 18794888, 19597106, 20101482, 30007505, 33080180, 114636253]"
18534908,moderate_large_circles,circles,high_degree,10,10,10,19,0.03,medium,constant,1.0,high,0.695,2.4,harm_aware_greedy_blocking,46.8125,7.424621202458749,112.3500000000001,17.81909088590104,0.6072972972972978,0.41102941176470587,0.9864705882352942,0.02513,32,32,"[4777911, 11991892, 14575292, 14631169, 16358736, 16371223, 18396537, 18701960, 27403903, 32805127]","[12771872, 15578561, 16371487, 18729482, 18794888, 19597106, 20101482, 30007505, 33080180, 114636253]"
18534908,moderate_large_circles,circles,high_degree,10,10,10,19,0.03,medium,constant,1.0,high,0.695,2.4,harm_aware_resilience_greedy_blocking,46.5,8.0802427303049,111.6000000000001,19.392582552731803,0.6032432432432437,0.42653711178527354,1.0236890682846567,0.02499,32,32,"[4777911, 10779412, 10940912, 14575292, 16358736, 16371223, 18701960, 19576151, 27403903, 32805127]","[12771872, 15578561, 16371487, 18729482, 18794888, 19597106, 20101482, 30007505, 33080180, 114636253]"
88639412,large_circles,circles,high_degree,10,10,10,18,0.03,medium,constant,1.0,low,0.15,1.0,greedy_blocking,40.875,8.323112011044133,40.875,8.323112011044133,0.17102510460251047,0.3719618055555556,0.3719618055555556,0.02175,32,32,"[14306161, 17020962, 17753033, 19562228, 19705747, 20155652, 21447363, 24447643, 42534611, 102349515]","[15439395, 15820664, 17208738, 19332267, 20984259, 33350096, 36695656, 44527648, 46248315, 63228090]"
88639412,large_circles,circles,high_degree,10,10,10,18,0.03,medium,constant,1.0,low,0.15,1.0,fairness_aware_greedy_blocking,40.8125,8.391383829896304,40.8125,8.391383829896304,0.17076359832635984,0.39271763392857145,0.39271763392857145,0.02098,32,32,"[17020962, 17753033, 19562228, 20155652, 21447363, 24447643, 42534611, 102349515, 168767461, 171005817]","[15439395, 15820664, 17208738, 19332267, 20984259, 33350096, 36695656, 44527648, 46248315, 63228090]"
88639412,large_circles,circles,high_degree,10,10,10,18,0.03,medium,constant,1.0,low,0.15,1.0,harm_aware_greedy_blocking,40.4375,8.71386548053751,40.4375,8.71386548053751,0.16919456066945607,0.3192564106711525,0.3192564106711525,0.02054,32,32,"[14306161, 17753033, 18713254, 19562228, 20155652, 24447643, 39974930, 102349515, 168767461, 177345928]","[15439395, 15820664, 17208738, 19332267, 20984259, 33350096, 36695656, 44527648, 46248315, 63228090]"
88639412,large_circles,circles,high_degree,10,10,10,18,0.03,medium,constant,1.0,low,0.15,1.0,harm_aware_resilience_greedy_blocking,40.375,8.724270928037852,40.375,8.724270928037852,0.16893305439330544,0.3609629755434782,0.3609629755434782,0.02091,32,32,"[14230524, 14306161, 17284200, 18713254, 19562228, 20155652, 24447643, 41596377, 42534611, 168767461]","[15439395, 15820664, 17208738, 19332267, 20984259, 33350096, 36695656, 44527648, 46248315, 63228090]"
88639412,large_circles,circles,high_degree,10,10,10,18,0.03,medium,constant,1.0,medium,0.49,1.6,greedy_blocking,40.25,8.53077918764676,64.4,13.649246700234793,0.2694560669456067,0.3783947172619047,0.6054315476190476,0.02031,32,32,"[14230524, 17020962, 17753033, 19562228, 20155652, 21447363, 39974930, 41596377, 42534611, 171005817]","[15439395, 15820664, 17208738, 19332267, 20984259, 33350096, 36695656, 44527648, 46248315, 63228090]"
88639412,large_circles,circles,high_degree,10,10,10,18,0.03,medium,constant,1.0,medium,0.49,1.6,fairness_aware_greedy_blocking,40.1875,9.096037776186202,64.30000000000001,14.553660441897899,0.26903765690376574,0.3451605902777778,0.5522569444444444,0.02007,32,32,"[17753033, 18713254, 19562228, 19705747, 20155652, 24447643, 39974930, 42534611, 168767461, 177345928]","[15439395, 15820664, 17208738, 19332267, 20984259, 33350096, 36695656, 44527648, 46248315, 63228090]"
88639412,large_circles,circles,high_degree,10,10,10,18,0.03,medium,constant,1.0,medium,0.49,1.6,harm_aware_greedy_blocking,40.15625,8.959080363951534,64.25,14.334528582322433,0.2688284518828452,0.3286985367063492,0.5259176587301586,0.02038,32,32,"[14306161, 17284200, 17753033, 19562228, 21447363, 24447643, 39974930, 41596377, 42534611, 177345928]","[15439395, 15820664, 17208738, 19332267, 20984259, 33350096, 36695656, 44527648, 46248315, 63228090]"
88639412,large_circles,circles,high_degree,10,10,10,18,0.03,medium,constant,1.0,medium,0.49,1.6,harm_aware_resilience_greedy_blocking,40.53125,8.47761521168656,64.85000000000001,13.564184338698476,0.2713389121338913,0.3626302083333333,0.5802083333333332,0.02069,32,32,"[14306161, 17020962, 17284200, 17753033, 18713254, 21447363, 39974930, 168767461, 171005817, 177345928]","[15439395, 15820664, 17208738, 19332267, 20984259, 33350096, 36695656, 44527648, 46248315, 63228090]"
88639412,large_circles,circles,high_degree,10,10,10,18,0.03,medium,constant,1.0,high,0.695,2.4,greedy_blocking,40.28125,8.633148324916004,96.67500000000007,20.719555979798457,0.40449790794979107,0.3233506944444444,0.7760416666666666,0.02056,32,32,"[14230524, 14306161, 17020962, 17284200, 17753033, 18713254, 20155652, 41596377, 42534611, 177345928]","[15439395, 15820664, 17208738, 19332267, 20984259, 33350096, 36695656, 44527648, 46248315, 63228090]"
88639412,large_circles,circles,high_degree,10,10,10,18,0.03,medium,constant,1.0,high,0.695,2.4,fairness_aware_greedy_blocking,39.9375,8.485043767826745,95.85000000000005,20.364105042784235,0.40104602510460274,0.3415798611111111,0.8197916666666667,0.02064,32,32,"[17020962, 17753033, 18713254, 19562228, 19705747, 39974930, 102349515, 168767461, 171005817, 177345928]","[15439395, 15820664, 17208738, 19332267, 20984259, 33350096, 36695656, 44527648, 46248315, 63228090]"
88639412,large_circles,circles,high_degree,10,10,10,18,0.03,medium,constant,1.0,high,0.695,2.4,harm_aware_greedy_blocking,40.09375,9.316511097629737,96.22500000000005,22.35962663431142,0.4026150627615065,0.3047516606280193,0.7314039855072464,0.02055,32,32,"[14306161, 17284200, 17753033, 20155652, 24447643, 39974930, 42534611, 168767461, 171005817, 177345928]","[15439395, 15820664, 17208738, 19332267, 20984259, 33350096, 36695656, 44527648, 46248315, 63228090]"
88639412,large_circles,circles,high_degree,10,10,10,18,0.03,medium,constant,1.0,high,0.695,2.4,harm_aware_resilience_greedy_blocking,39.28125,8.293932391581754,94.27500000000006,19.905437739796255,0.394456066945607,0.3246112620772947,0.7790670289855073,0.02015,32,32,"[14306161, 17020962, 17753033, 19562228, 20155652, 24447643, 39974930, 41596377, 168767461, 177345928]","[15439395, 15820664, 17208738, 19332267, 20984259, 33350096, 36695656, 44527648, 46248315, 63228090]"
18534908,moderate_large_circles,circles,high_degree,10,10,10,19,0.03,medium,bucket,0.9,low,0.15,1.0,greedy_blocking,41.96875,6.855581079345781,41.96875,6.855581079345781,0.2268581081081081,0.4551428810160428,0.4551428810160428,0.02629,32,32,"[1699641, 4777911, 10779412, 11991892, 14575292, 16358736, 18794066, 19576151, 27403903, 31353077]","[12771872, 15578561, 16371487, 18729482, 18794888, 19597106, 20101482, 30007505, 33080180, 114636253]"
18534908,moderate_large_circles,circles,high_degree,10,10,10,19,0.03,medium,bucket,0.9,low,0.15,1.0,fairness_aware_greedy_blocking,41.9375,7.066219046484706,41.9375,7.066219046484706,0.22668918918918918,0.3706422254216372,0.3706422254216372,0.02564,32,32,"[4777911, 10779412, 11991892, 14575292, 14631169, 16358736, 16371223, 18396537, 18794066, 32805127]","[12771872, 15578561, 16371487, 18729482, 18794888, 19597106, 20101482, 30007505, 33080180, 114636253]"
18534908,moderate_large_circles,circles,high_degree,10,10,10,19,0.03,medium,bucket,0.9,low,0.15,1.0,harm_aware_greedy_blocking,41.21875,7.2900036506030945,41.21875,7.2900036506030945,0.22280405405405404,0.38163435828877007,0.38163435828877007,0.02439,32,32,"[1699641, 4777911, 7861312, 14575292, 14631169, 16358736, 16371223, 18701960, 19576151, 27403903]","[12771872, 15578561, 16371487, 18729482, 18794888, 19597106, 20101482, 30007505, 33080180, 114636253]"
18534908,moderate_large_circles,circles,high_degree,10,10,10,19,0.03,medium,bucket,0.9,low,0.15,1.0,harm_aware_resilience_greedy_blocking,42.3125,7.270965237426938,42.3125,7.270965237426938,0.2287162162162162,0.41823612967914436,0.41823612967914436,0.02476,32,32,"[4777911, 10940912, 11991892, 14575292, 14631169, 16358736, 16371223, 18396537, 18713254, 27403903]","[12771872, 15578561, 16371487, 18729482, 18794888, 19597106, 20101482, 30007505, 33080180, 114636253]"
18534908,moderate_large_circles,circles,high_degree,10,10,10,19,0.03,medium,bucket,1.0,medium,0.49,1.6,greedy_blocking,46.40625,7.824112337573365,74.24999999999999,12.518579740117351,0.40135135135135125,0.42731868315508026,0.6837098930481285,0.0251,32,32,"[4777911, 14575292, 16358736, 16371223, 18396537, 18701960, 19576151, 27403903, 31353077, 32805127]","[12771872, 15578561, 16371487, 18729482, 18794888, 19597106, 20101482, 30007505, 33080180, 114636253]"
18534908,moderate_large_circles,circles,high_degree,10,10,10,19,0.03,medium,bucket,1.0,medium,0.49,1.6,fairness_aware_greedy_blocking,46.625,8.083236336852917,74.59999999999998,12.93317813896463,0.4032432432432431,0.4151484085767174,0.664237453722748,0.02604,32,32,"[1699641, 4777911, 10779412, 11991892, 14575292, 16358736, 16371223, 18396537, 18701960, 19576151]","[12771872, 15578561, 16371487, 18729482, 18794888, 19597106, 20101482, 30007505, 33080180, 114636253]"
18534908,moderate_large_circles,circles,high_degree,10,10,10,19,0.03,medium,bucket,1.0,medium,0.49,1.6,harm_aware_greedy_blocking,46.46875,8.131913931759755,74.34999999999998,13.011062290815573,0.4018918918918918,0.4565591577540107,0.7304946524064171,0.02504,32,32,"[1699641, 4777911, 10940912, 11991892, 14575292, 14631169, 16358736, 18701960, 19576151, 27403903]","[12771872, 15578561, 16371487, 18729482, 18794888, 19597106, 20101482, 30007505, 33080180, 114636253]"
18534908,moderate_large_circles,circles,high_degree,10,10,10,19,0.03,medium,bucket,1.0,medium,0.49,1.6,harm_aware_resilience_greedy_blocking,45.875,8.465299186832125,73.39999999999998,13.544478698931366,0.39675675675675665,0.4308447526737968,0.689351604278075,0.0247,32,32,"[4777911, 10779412, 11991892, 14575292, 14631169, 16358736, 16371223, 19576151, 27403903, 32805127]","[12771872, 15578561, 16371487, 18729482, 18794888, 19597106, 20101482, 30007505, 33080180, 114636253]"
18534908,moderate_large_circles,circles,high_degree,10,10,10,19,0.03,medium,bucket,1.1,high,0.695,2.4,greedy_blocking,51.90625,8.543472796196804,124.57500000000013,20.504334710872378,0.6733783783783791,0.45772058823529416,1.098529411764706,0.02665,32,32,"[1699641, 4777911, 11991892, 14575292, 16358736, 16371223, 18701960, 18794066, 19576151, 27403903]","[12771872, 15578561, 16371487, 18729482, 18794888, 19597106, 20101482, 30007505, 33080180, 114636253]"
18534908,moderate_large_circles,circles,high_degree,10,10,10,19,0.03,medium,bucket,1.1,high,0.695,2.4,fairness_aware_greedy_blocking,51.625,8.567568255138188,123.90000000000012,20.5621638123317,0.6697297297297303,0.47384692513368987,1.1372326203208558,0.02616,32,32,"[4777911, 10779412, 11991892, 14631169, 16358736, 16371223, 18701960, 18794066, 19576151, 31353077]","[12771872, 15578561, 16371487, 18729482, 18794888, 19597106, 20101482, 30007505, 33080180, 114636253]"
18534908,moderate_large_circles,circles,high_degree,10,10,10,19,0.03,medium,bucket,1.1,high,0.695,2.4,harm_aware_greedy_blocking,51.5,8.758406100390346,123.60000000000011,21.02017464093688,0.6681081081081087,0.46575451203208557,1.1178108288770057,0.02594,32,32,"[4777911, 7861312, 11991892, 14575292, 16358736, 16371223, 18396537, 19576151, 27403903, 32805127]","[12771872, 15578561, 16371487, 18729482, 18794888, 19597106, 20101482, 30007505, 33080180, 114636253]"
18534908,moderate_large_circles,circles,high_degree,10,10,10,19,0.03,medium,bucket,1.1,high,0.695,2.4,harm_aware_resilience_greedy_blocking,50.90625,8.607421310293997,122.17500000000013,20.65781114470564,0.660405405405406,0.4619359959893048,1.1086463903743318,0.02596,32,32,"[4777911, 10779412, 11991892, 14575292, 16358736, 16371223, 19576151, 27403903, 31353077, 32805127]","[12771872, 15578561, 16371487, 18729482, 18794888, 19597106, 20101482, 30007505, 33080180, 114636253]"
88639412,large_circles,circles,high_degree,10,10,10,18,0.03,medium,bucket,0.9,low,0.15,1.0,greedy_blocking,35.34375,7.494554474696515,35.34375,7.494554474696515,0.14788179916317992,0.29677687198067637,0.29677687198067637,0.01878,32,32,"[14230524, 14306161, 17020962, 17753033, 19562228, 24447643, 39974930, 41596377, 168767461, 171005817]","[15439395, 15820664, 17208738, 19332267, 20984259, 33350096, 36695656, 44527648, 46248315, 63228090]"
88639412,large_circles,circles,high_degree,10,10,10,18,0.03,medium,bucket,0.9,low,0.15,1.0,fairness_aware_greedy_blocking,35.625,7.546629241139769,35.625,7.546629241139769,0.14905857740585773,0.3186848958333333,0.3186848958333333,0.01914,32,32,"[14306161, 17284200, 17753033, 19562228, 20155652, 39974930, 41596377, 42534611, 171005817, 177345928]","[15439395, 15820664, 17208738, 19332267, 20984259, 33350096, 36695656, 44527648, 46248315, 63228090]"
88639412,large_circles,circles,high_degree,10,10,10,18,0.03,medium,bucket,0.9,low,0.15,1.0,harm_aware_greedy_blocking,35.0625,7.228695059142039,35.0625,7.228695059142039,0.14670502092050208,0.27994791666666663,0.27994791666666663,0.01906,32,32,"[14306161, 17020962, 17284200, 17753033, 19562228, 21447363, 39974930, 41596377, 168767461, 171005817]","[15439395, 15820664, 17208738, 19332267, 20984259, 33350096, 36695656, 44527648, 46248315, 63228090]"
88639412,large_circles,circles,high_degree,10,10,10,18,0.03,medium,bucket,0.9,low,0.15,1.0,harm_aware_resilience_greedy_blocking,35.1875,7.324010447306725,35.1875,7.324010447306725,0.14722803347280336,0.29329427083333337,0.29329427083333337,0.02041,32,32,"[17020962, 17753033, 19562228, 19705747, 20155652, 39974930, 41596377, 42534611, 168767461, 177345928]","[15439395, 15820664, 17208738, 19332267, 20984259, 33350096, 36695656, 44527648, 46248315, 63228090]"
88639412,large_circles,circles,high_degree,10,10,10,18,0.03,medium,bucket,1.0,medium,0.49,1.6,greedy_blocking,40.375,8.58637330027136,64.6,13.738197280434159,0.27029288702928866,0.369047619047619,0.5904761904761905,0.02052,32,32,"[14306161, 17020962, 17753033, 19562228, 19705747, 20155652, 21447363, 24447643, 42534611, 171005817]","[15439395, 15820664, 17208738, 19332267, 20984259, 33350096, 36695656, 44527648, 46248315, 63228090]"
88639412,large_circles,circles,high_degree,10,10,10,18,0.03,medium,bucket,1.0,medium,0.49,1.6,fairness_aware_greedy_blocking,40.4375,8.77289631065017,64.7,14.036634097040247,0.27071129707112973,0.3488498263888889,0.5581597222222221,0.02142,32,32,"[17020962, 17284200, 17753033, 19562228, 20155652, 39974930, 41596377, 168767461, 171005817, 177345928]","[15439395, 15820664, 17208738, 19332267, 20984259, 33350096, 36695656, 44527648, 46248315, 63228090]"
88639412,large_circles,circles,high_degree,10,10,10,18,0.03,medium,bucket,1.0,medium,0.49,1.6,harm_aware_greedy_blocking,40.53125,9.041068931235666,64.85,14.465710289977045,0.27133891213389116,0.38693576388888895,0.6190972222222222,0.02116,32,32,"[14306161, 17753033, 19562228, 19705747, 20155652, 39974930, 41596377, 42534611, 102349515, 171005817]","[15439395, 15820664, 17208738, 19332267, 20984259, 33350096, 36695656, 44527648, 46248315, 63228090]"
88639412,large_circles,circles,high_degree,10,10,10,18,0.03,medium,bucket,1.0,medium,0.49,1.6,harm_aware_resilience_greedy_blocking,40.28125,8.901737325901884,64.45000000000002,14.242779721442993,0.2696652719665273,0.3424611262077295,0.5479378019323672,0.02183,32,32,"[14306161, 17020962, 17753033, 18713254, 19705747, 20155652, 39974930, 168767461, 171005817, 177345928]","[15439395, 15820664, 17208738, 19332267, 20984259, 33350096, 36695656, 44527648, 46248315, 63228090]"
88639412,large_circles,circles,high_degree,10,10,10,18,0.03,medium,bucket,1.1,high,0.695,2.4,greedy_blocking,44.96875,11.125339791838762,107.9250000000001,26.700815500413093,0.45156903765690415,0.3812518870772947,0.9150045289855072,0.02182,32,32,"[14306161, 17753033, 19562228, 24447643, 39974930, 41596377, 102349515, 168767461, 171005817, 177345928]","[15439395, 15820664, 17208738, 19332267, 20984259, 33350096, 36695656, 44527648, 46248315, 63228090]"
88639412,large_circles,circles,high_degree,10,10,10,18,0.03,medium,bucket,1.1,high,0.695,2.4,fairness_aware_greedy_blocking,44.9375,10.595000342523095,107.85000000000008,25.428000822055488,0.4512552301255233,0.3327287946428571,0.7985491071428571,0.02238,32,32,"[14230524, 17020962, 17753033, 18713254, 19562228, 39974930, 41596377, 42534611, 102349515, 168767461]","[15439395, 15820664, 17208738, 19332267, 20984259, 33350096, 36695656, 44527648, 46248315, 63228090]"
88639412,large_circles,circles,high_degree,10,10,10,18,0.03,medium,bucket,1.1,high,0.695,2.4,harm_aware_greedy_blocking,45.34375,9.901480420428506,108.8250000000001,23.763553009028467,0.45533472803347325,0.38693576388888884,0.9286458333333332,0.02241,32,32,"[17020962, 17753033, 19705747, 20155652, 39974930, 41596377, 42534611, 168767461, 171005817, 177345928]","[15439395, 15820664, 17208738, 19332267, 20984259, 33350096, 36695656, 44527648, 46248315, 63228090]"
88639412,large_circles,circles,high_degree,10,10,10,18,0.03,medium,bucket,1.1,high,0.695,2.4,harm_aware_resilience_greedy_blocking,44.71875,9.518180820358072,107.32500000000007,22.84363396885943,0.44905857740585803,0.3679780505952381,0.8831473214285713,0.02171,32,32,"[14230524, 14306161, 17284200, 17753033, 19562228, 21447363, 42534611, 168767461, 171005817, 177345928]","[15439395, 15820664, 17208738, 19332267, 20984259, 33350096, 36695656, 44527648, 46248315, 63228090]"
18534908,moderate_large_circles,circles,high_degree,10,10,10,19,0.03,medium,linear,0.86,low,0.15,1.0,greedy_blocking,39.5625,7.043356512895108,39.5625,7.043356512895108,0.21385135135135136,0.39810327540106955,0.39810327540106955,0.0241,32,32,"[1699641, 4777911, 14575292, 14631169, 16358736, 16371223, 18701960, 18794066, 19576151, 27403903]","[12771872, 15578561, 16371487, 18729482, 18794888, 19597106, 20101482, 30007505, 33080180, 114636253]"
18534908,moderate_large_circles,circles,high_degree,10,10,10,19,0.03,medium,linear,0.86,low,0.15,1.0,fairness_aware_greedy_blocking,40.21875,6.592930598070008,40.21875,6.592930598070008,0.21739864864864866,0.3761071189839572,0.3761071189839572,0.02406,32,32,"[4777911, 10779412, 10940912, 14575292, 14631169, 16358736, 18701960, 19576151, 27403903, 32805127]","[12771872, 15578561, 16371487, 18729482, 18794888, 19597106, 20101482, 30007505, 33080180, 114636253]"
18534908,moderate_large_circles,circles,high_degree,10,10,10,19,0.03,medium,linear,0.86,low,0.15,1.0,harm_aware_greedy_blocking,39.375,6.996542925132798,39.375,6.996542925132798,0.21283783783783783,0.3710227272727272,0.3710227272727272,0.0237,32,32,"[1699641, 4777911, 11991892, 14575292, 14631169, 16358736, 16371223, 18396537, 19576151, 32805127]","[12771872, 15578561, 16371487, 18729482, 18794888, 19597106, 20101482, 30007505, 33080180, 114636253]"
18534908,moderate_large_circles,circles,high_degree,10,10,10,19,0.03,medium,linear,0.86,low,0.15,1.0,harm_aware_resilience_greedy_blocking,39.1875,6.517655921393628,39.1875,6.517655921393628,0.21182432432432433,0.35902792060880295,0.35902792060880295,0.02361,32,32,"[1699641, 4777911, 11991892, 14575292, 14631169, 16358736, 16371223, 18396537, 18701960, 27403903]","[12771872, 15578561, 16371487, 18729482, 18794888, 19597106, 20101482, 30007505, 33080180, 114636253]"
18534908,moderate_large_circles,circles,high_degree,10,10,10,19,0.03,medium,linear,0.996,medium,0.49,1.6,greedy_blocking,45.8125,8.173274702029701,73.29999999999998,13.07723952324749,0.3962162162162161,0.45593666443850267,0.7294986631016044,0.025,32,32,"[1699641, 4777911, 10779412, 11991892, 14575292, 16358736, 16371223, 18701960, 19576151, 27403903]","[12771872, 15578561, 16371487, 18729482, 18794888, 19597106, 20101482, 30007505, 33080180, 114636253]"
18534908,moderate_large_circles,circles,high_degree,10,10,10,19,0.03,medium,linear,0.996,medium,0.49,1.6,fairness_aware_greedy_blocking,46.40625,8.743142474109675,74.24999999999999,13.989027958575441,0.40135135135135125,0.3990140374331551,0.6384224598930484,0.02584,32,32,"[11991892, 14575292, 14631169, 16358736, 16371223, 18396537, 18794066, 19576151, 27403903, 32805127]","[12771872, 15578561, 16371487, 18729482, 18794888, 19597106, 20101482, 30007505, 33080180, 114636253]"
18534908,moderate_large_circles,circles,high_degree,10,10,10,19,0.03,medium,linear,0.996,medium,0.49,1.6,harm_aware_greedy_blocking,46.4375,7.670376615222674,74.29999999999998,12.272602584356246,0.4016216216216215,0.4264246323529412,0.682279411764706,0.02573,32,32,"[1699641, 4777911, 10779412, 10940912, 11991892, 14575292, 16358736, 18396537, 19576151, 32805127]","[12771872, 15578561, 16371487, 18729482, 18794888, 19597106, 20101482, 30007505, 33080180, 114636253]"
18534908,moderate_large_circles,circles,high_degree,10,10,10,19,0.03,medium,linear,0.996,medium,0.49,1.6,harm_aware_resilience_greedy_blocking,46.21875,8.09115157879073,73.94999999999999,12.945842526065139,0.39972972972972964,0.44860011312217196,0.7177601809954752,0.02566,32,32,"[1699641, 4777911, 10940912, 11991892, 14575292, 14631169, 16358736, 16371223, 18396537, 27403903]","[12771872, 15578561, 16371487, 18729482, 18794888, 19597106, 20101482, 30007505, 33080180, 114636253]"
18534908,moderate_large_circles,circles,high_degree,10,10,10,19,0.03,medium,linear,1.078,high,0.695,2.4,greedy_blocking,51.03125,8.701072885273327,122.47500000000012,20.882574924656037,0.6620270270270276,0.4912683823529412,1.179044117647059,0.02669,32,32,"[4777911, 7861312, 10940912, 11991892, 14631169, 16358736, 18396537, 18713254, 19576151, 27403903]","[12771872, 15578561, 16371487, 18729482, 18794888, 19597106, 20101482, 30007505, 33080180, 114636253]"
18534908,moderate_large_circles,circles,high_degree,10,10,10,19,0.03,medium,linear,1.078,high,0.695,2.4,fairness_aware_greedy_blocking,51.09375,8.165068693782898,122.62500000000011,19.596164865079,0.6628378378378385,0.4520680147058823,1.084963235294118,0.02702,32,32,"[1699641, 4777911, 10779412, 14575292, 14631169, 18794066, 19576151, 27403903, 31353077, 32805127]","[12771872, 15578561, 16371487, 18729482, 18794888, 19597106, 20101482, 30007505, 33080180, 114636253]"
18534908,moderate_large_circles,circles,high_degree,10,10,10,19,0.03,medium,linear,1.078,high,0.695,2.4,harm_aware_greedy_blocking,50.40625,9.220801780966282,120.97500000000011,22.12992427431913,0.6539189189189195,0.475701871657754,1.1416844919786098,0.02635,32,32,"[4777911, 10940912, 11991892, 14575292, 14631169, 16358736, 16371223, 18396537, 27403903, 31353077]","[12771872, 15578561, 16371487, 18729482, 18794888, 19597106, 20101482, 30007505, 33080180, 114636253]"
18534908,moderate_large_circles,circles,high_degree,10,10,10,19,0.03,medium,linear,1.078,high,0.695,2.4,harm_aware_resilience_greedy_blocking,50.1875,8.726812594786033,120.45000000000012,20.944350227486527,0.6510810810810818,0.4441051136363636,1.0658522727272728,0.02629,32,32,"[4777911, 11991892, 14575292, 14631169, 16358736, 16371223, 18396537, 19576151, 27403903, 32805127]","[12771872, 15578561, 16371487, 18729482, 18794888, 19597106, 20101482, 30007505, 33080180, 114636253]"
88639412,large_circles,circles,high_degree,10,10,10,18,0.03,medium,linear,0.86,low,0.15,1.0,greedy_blocking,34.125,6.747759484785756,34.125,6.747759484785756,0.14278242677824268,0.3256293402777778,0.3256293402777778,0.01942,32,32,"[14230524, 14306161, 17753033, 19562228, 19705747, 21447363, 39974930, 42534611, 102349515, 171005817]","[15439395, 15820664, 17208738, 19332267, 20984259, 33350096, 36695656, 44527648, 46248315, 63228090]"
88639412,large_circles,circles,high_degree,10,10,10,18,0.03,medium,linear,0.86,low,0.15,1.0,fairness_aware_greedy_blocking,33.875,6.762085954172196,33.875,6.762085954172196,0.14173640167364016,0.28548177083333337,0.28548177083333337,0.02011,32,32,"[14230524, 17020962, 17753033, 19562228, 24447643, 41596377, 42534611, 168767461, 171005817, 177345928]","[15439395, 15820664, 17208738, 19332267, 20984259, 33350096, 36695656, 44527648, 46248315, 63228090]"
88639412,large_circles,circles,high_degree,10,10,10,18,0.03,medium,linear,0.86,low,0.15,1.0,harm_aware_greedy_blocking,32.875,7.051652746102357,32.875,7.051652746102357,0.13755230125523013,0.2826605902777778,0.2826605902777778,0.01842,32,32,"[14306161, 17020962, 17753033, 18713254, 19705747, 21447363, 39974930, 102349515, 168767461, 177345928]","[15439395, 15820664, 17208738, 19332267, 20984259, 33350096, 36695656, 44527648, 46248315, 63228090]"
88639412,large_circles,circles,high_degree,10,10,10,18,0.03,medium,linear,0.86,low,0.15,1.0,harm_aware_resilience_greedy_blocking,33.78125,6.842629069344995,33.78125,6.842629069344995,0.14134414225941422,0.29459635416666663,0.29459635416666663,0.01937,32,32,"[17020962, 17753033, 18713254, 19562228, 19705747, 24447643, 39974930, 42534611, 171005817, 177345928]","[15439395, 15820664, 17208738, 19332267, 20984259, 33350096, 36695656, 44527648, 46248315, 63228090]"
88639412,large_circles,circles,high_degree,10,10,10,18,0.03,medium,linear,0.996,medium,0.49,1.6,greedy_blocking,39.875,8.365636315770722,63.80000000000001,13.385018105233138,0.26694560669456074,0.3746310763888889,0.5994097222222222,0.02177,32,32,"[14230524, 14306161, 17753033, 18713254, 19705747, 20155652, 39974930, 42534611, 102349515, 168767461]","[15439395, 15820664, 17208738, 19332267, 20984259, 33350096, 36695656, 44527648, 46248315, 63228090]"
88639412,large_circles,circles,high_degree,10,10,10,18,0.03,medium,linear,0.996,medium,0.49,1.6,fairness_aware_greedy_blocking,39.9375,8.492643875731515,63.90000000000001,13.5882302011704,0.2673640167364017,0.3309565594806763,0.5295304951690821,0.02292,32,32,"[14230524, 17020962, 17753033, 19562228, 19705747, 39974930, 41596377, 42534611, 168767461, 177345928]","[15439395, 15820664, 17208738, 19332267, 20984259, 33350096, 36695656, 44527648, 46248315, 63228090]"
88639412,large_circles,circles,high_degree,10,10,10,18,0.03,medium,linear,0.996,medium,0.49,1.6,harm_aware_greedy_blocking,40.0625,9.019468191174738,64.1,14.431149105879562,0.26820083682008367,0.3220796130952381,0.5153273809523808,0.0235,32,32,"[14306161, 17020962, 17753033, 18713254, 20155652, 24447643, 41596377, 42534611, 168767461, 177345928]","[15439395, 15820664, 17208738, 19332267, 20984259, 33350096, 36695656, 44527648, 46248315, 63228090]"
88639412,large_circles,circles,high_degree,10,10,10,18,0.03,medium,linear,0.996,medium,0.49,1.6,harm_aware_resilience_greedy_blocking,40.0625,8.609587678861281,64.1,13.775340286178032,0.26820083682008367,0.35676476772774324,0.5708236283643892,0.02281,32,32,"[14230524, 14306161, 17020962, 17753033, 19562228, 20155652, 41596377, 42534611, 102349515, 168767461]","[15439395, 15820664, 17208738, 19332267, 20984259, 33350096, 36695656, 44527648, 46248315, 63228090]"
88639412,large_circles,circles,high_degree,10,10,10,18,0.03,medium,linear,1.078,high,0.695,2.4,greedy_blocking,43.46875,9.993495868684759,104.32500000000009,23.98439008484348,0.436506276150628,0.35191902281746035,0.8446056547619047,0.02144,32,32,"[17020962, 17284200, 17753033, 18713254, 19705747, 39974930, 41596377, 42534611, 168767461, 177345928]","[15439395, 15820664, 17208738, 19332267, 20984259, 33350096, 36695656, 44527648, 46248315, 63228090]"
88639412,large_circles,circles,high_degree,10,10,10,18,0.03,medium,linear,1.078,high,0.695,2.4,fairness_aware_greedy_blocking,44.59375,9.157614053960252,107.02500000000008,21.978273729504657,0.44780334728033505,0.3820529513888889,0.9169270833333334,0.0223,32,32,"[17020962, 18713254, 19562228, 19705747, 20155652, 21447363, 24447643, 39974930, 171005817, 177345928]","[15439395, 15820664, 17208738, 19332267, 20984259, 33350096, 36695656, 44527648, 46248315, 63228090]"
88639412,large_circles,circles,high_degree,10,10,10,18,0.03,medium,linear,1.078,high,0.695,2.4,harm_aware_greedy_blocking,44.0625,9.242041039762006,105.75000000000009,22.180898495428863,0.44246861924686226,0.35086805555555556,0.8420833333333333,0.02159,32,32,"[14230524, 14306161, 18713254, 21447363, 24447643, 41596377, 42534611, 168767461, 171005817, 177345928]","[15439395, 15820664, 17208738, 19332267, 20984259, 33350096, 36695656, 44527648, 46248315, 63228090]"
88639412,large_circles,circles,high_degree,10,10,10,18,0.03,medium,linear,1.078,high,0.695,2.4,harm_aware_resilience_greedy_blocking,43.75,9.147536245068325,105.00000000000009,21.954086988164033,0.43933054393305476,0.3846571180555556,0.9231770833333333,0.02176,32,32,"[14306161, 17020962, 17753033, 18713254, 19562228, 39974930, 41596377, 42534611, 102349515, 177345928]","[15439395, 15820664, 17208738, 19332267, 20984259, 33350096, 36695656, 44527648, 46248315, 63228090]"
