ego_id,n_nodes,n_edges,density,n_components,largest_component_size,avg_degree,max_degree,circles_file_exists,circles_nonempty,n_circles,nodes_covered_by_circles
100318079,220,5971,0.24786218347862182,1,220,54.28181818181818,175,True,True,4,48
10146102,95,638,0.1428891377379619,1,95,13.43157894736842,37,True,True,1,12
101859065,23,144,0.5691699604743083,1,23,12.521739130434783,22,True,True,4,18
101903164,14,36,0.3956043956043956,1,14,5.142857142857143,11,True,True,2,6
102765423,84,780,0.22375215146299485,1,84,18.571428571428573,60,True,True,3,9
102903198,226,3634,0.14293018682399214,1,226,32.15929203539823,154,True,True,1,39
103431502,91,371,0.0905982905982906,1,91,8.153846153846153,23,True,True,2,14
103865085,118,1972,0.28567289584238736,1,118,33.42372881355932,99,True,True,2,16
103991905,81,441,0.1361111111111111,2,76,10.88888888888889,47,True,True,2,23
104324908,13,57,0.7307692307692307,1,13,8.76923076923077,12,True,True,2,4
104615636,48,355,0.3147163120567376,1,48,14.791666666666666,41,True,True,3,23
1046661,128,1055,0.12979822834645668,2,126,16.484375,72,True,True,7,12
104991493,180,1959,0.12160148975791434,1,180,21.766666666666666,68,True,True,5,95
105150583,210,3247,0.14796081111870585,1,210,30.923809523809524,93,True,True,5,56
105398724,21,116,0.5523809523809524,1,21,11.047619047619047,19,True,True,2,18
105918870,170,2173,0.15127044900800557,1,170,25.564705882352943,154,True,True,7,136
107172099,23,185,0.7312252964426877,1,23,16.08695652173913,22,True,True,2,12
107418464,175,1405,0.0922824302134647,1,175,16.057142857142857,76,True,True,2,14
107511013,24,192,0.6956521739130435,1,24,16.0,22,True,False,0,0
107512718,138,1639,0.17338411086427588,1,138,23.753623188405797,100,True,True,17,31
107516840,221,5650,0.23241464417935007,1,221,51.13122171945702,143,True,True,5,18
10798802,170,1440,0.10024364775495997,2,168,16.941176470588236,97,True,True,4,28
108159877,204,1532,0.07398821597604559,1,204,15.019607843137255,52,True,True,2,19
108205076,213,2963,0.1312339445477899,1,213,27.821596244131456,99,True,True,3,5
10985532,165,735,0.05432372505543237,1,165,8.909090909090908,48,True,True,10,126
11027262,183,2528,0.15180447967333213,1,183,27.628415300546447,98,True,True,3,80
110536616,38,298,0.4238975817923186,1,38,15.68421052631579,28,True,True,2,24
110755733,105,573,0.10494505494505495,1,105,10.914285714285715,48,True,True,1,1
111045742,149,2354,0.21349537456920006,1,149,31.59731543624161,90,True,True,2,26
11136132,118,1000,0.14486455164421266,1,118,16.949152542372882,68,True,False,0,0
111374622,188,2939,0.1671976334053931,1,188,31.26595744680851,133,True,True,3,57
112628165,186,2182,0.12682359779133973,1,186,23.462365591397848,99,True,True,2,4
113196940,125,774,0.09987096774193549,1,125,12.384,46,True,True,5,99
11348282,171,4157,0.28599931200550394,1,171,48.619883040935676,152,True,True,8,76
11348722,128,2940,0.3617125984251969,1,128,45.9375,99,True,True,3,14
113509970,181,905,0.05555555555555555,1,181,10.0,45,True,True,6,34
114115460,96,1093,0.23969298245614035,2,94,22.770833333333332,72,True,True,4,53
114885421,145,2734,0.26187739463601534,1,145,37.710344827586205,99,True,True,14,85
115221382,209,2079,0.09564777327935223,3,203,19.894736842105264,88,True,True,18,32
115911638,120,2915,0.40826330532212884,1,120,48.583333333333336,97,True,True,5,27
116388817,65,160,0.07692307692307693,4,58,4.923076923076923,17,True,True,2,17
116798290,212,3296,0.14736653849593132,1,212,31.09433962264151,116,True,True,1,3
116808228,26,40,0.12307692307692308,2,24,3.076923076923077,7,True,True,2,6
11681802,123,718,0.09569505531120885,1,123,11.674796747967479,43,True,True,3,28
117029850,73,470,0.17884322678843226,2,71,12.876712328767123,60,True,True,2,13
117671022,147,2655,0.2474140341067934,1,147,36.12244897959184,95,True,True,2,27
117800618,120,1077,0.15084033613445377,2,115,17.95,58,True,True,32,34
117809922,97,984,0.211340206185567,1,97,20.288659793814432,72,True,True,2,19
11784842,84,463,0.13281698221457258,2,82,11.023809523809524,37,True,True,2,21
11828432,75,1384,0.49873873873873875,1,75,36.906666666666666,69,True,True,3,16
11928542,32,203,0.4092741935483871,1,32,12.6875,24,True,True,2,7
119897041,38,418,0.5945945945945946,1,38,22.0,36,True,True,2,18
120157205,33,251,0.4753787878787879,1,33,15.212121212121213,30,True,True,1,4
120459837,191,3999,0.22039129236704327,2,189,41.87434554973822,144,True,True,2,57
120679977,119,458,0.06523287281014101,1,119,7.697478991596639,37,True,True,2,5
12069912,215,3188,0.1385785698761139,1,215,29.655813953488373,108,True,True,3,25
120971873,185,2035,0.11956521739130435,1,185,22.0,98,True,True,1,1
121202578,242,2834,0.09718459586433936,2,240,23.421487603305785,93,True,True,4,33
121258930,25,161,0.5366666666666666,1,25,12.88,22,True,True,2,4
12152402,139,1154,0.12032113439683036,1,139,16.60431654676259,88,True,True,3,10
121569946,144,1033,0.10033022533022533,1,144,14.347222222222221,56,True,True,3,7
121685268,98,1421,0.29896907216494845,3,94,29.0,79,True,True,2,17
122216533,68,260,0.1141352063213345,1,68,7.647058823529412,26,True,False,0,0
123287376,165,3280,0.24242424242424243,1,165,39.75757575757576,118,True,True,3,28
123684709,224,2378,0.09521140294682895,1,224,21.232142857142858,69,True,True,3,25
1239671,55,610,0.4107744107744108,1,55,22.181818181818183,51,True,True,2,50
12415722,112,1577,0.2537001287001287,1,112,28.160714285714285,72,True,True,2,28
124296976,131,1327,0.15584263065179096,1,131,20.259541984732824,67,True,True,7,30
124474025,225,3931,0.1559920634920635,1,225,34.94222222222222,123,True,True,2,24
125098615,110,635,0.10592160133444536,1,110,11.545454545454545,50,True,True,5,27
12570812,135,1079,0.11929242675511333,2,133,15.985185185185186,55,True,True,3,79
126067398,14,31,0.34065934065934067,1,14,4.428571428571429,10,True,True,2,5
1271901,236,3209,0.11572304363505229,2,234,27.194915254237287,108,True,False,0,0
12771872,130,1290,0.15384615384615385,2,128,19.846153846153847,59,True,True,6,78
127912925,65,635,0.30528846153846156,1,65,19.53846153846154,50,True,True,4,59
128135741,99,355,0.07318078746650175,2,97,7.171717171717172,26,True,True,3,22
12831,236,1810,0.06527226830147854,2,234,15.338983050847459,59,True,True,1,1
129093262,187,3309,0.19027082973952045,1,187,35.3903743315508,104,True,True,1,22
129984134,214,4529,0.1987187925058137,1,214,42.32710280373832,128,True,True,2,127
130734452,66,81,0.03776223776223776,7,51,2.4545454545454546,13,True,True,6,9
13179562,216,2543,0.10951765719207579,1,216,23.546296296296298,131,True,True,2,19
13212502,170,1721,0.11980508179603203,1,170,20.24705882352941,75,True,True,2,13
132519763,162,1196,0.09171075837742504,1,162,14.765432098765432,45,True,True,6,73
13274152,210,905,0.041239462292093874,2,208,8.619047619047619,36,True,True,8,77
13275962,143,2446,0.2409140155619029,2,140,34.20979020979021,82,True,True,9,71
13317162,167,1727,0.12459418512372844,1,167,20.682634730538922,86,True,True,3,20
133663120,216,2845,0.12252368647717485,2,214,26.34259259259259,105,True,True,2,39
134208594,100,1677,0.3387878787878788,1,100,33.54,73,True,True,12,31
13460312,57,422,0.2644110275689223,1,57,14.807017543859649,37,True,True,1,7
134943586,247,6271,0.2064119021757019,1,247,50.77732793522267,192,True,True,11,210
135397331,188,2429,0.1381840937535556,1,188,25.840425531914892,86,True,True,4,10
135605269,166,1223,0.08930266520627966,3,162,14.734939759036145,56,True,True,8,58
135704499,74,330,0.12217697149203999,1,74,8.91891891891892,22,True,True,4,18
135895585,77,509,0.17395762132604237,1,77,13.220779220779221,34,True,True,2,34
136341512,28,195,0.5158730158730159,2,26,13.928571428571429,24,True,True,2,1
13649212,173,1746,0.11735448312945289,4,167,20.184971098265898,92,True,True,2,6
1367531,239,6681,0.2349073520621638,1,239,55.90794979079498,201,True,True,4,70
137046366,131,2070,0.24310041103934232,1,131,31.603053435114504,74,True,True,2,43
13747362,72,444,0.17370892018779344,1,72,12.333333333333334,31,True,True,7,31
137527381,34,265,0.47237076648841353,1,34,15.588235294117647,29,True,True,2,33
13809612,212,2433,0.10878118572833766,1,212,22.952830188679247,77,True,True,4,77
13811562,211,5283,0.23845633039945835,1,211,50.07582938388626,138,True,True,5,15
13837812,164,3957,0.29604967828819395,2,161,48.25609756097561,130,True,True,2,51
13872872,150,2551,0.22827740492170023,2,148,34.013333333333335,102,True,True,1,2
14045302,142,1483,0.1481370492458296,2,140,20.887323943661972,75,True,True,2,56
14058831,204,1726,0.08335748092340385,1,204,16.92156862745098,79,True,True,3,21
14060856,186,1764,0.1025283347863993,1,186,18.967741935483872,92,True,True,8,97
14077024,225,3285,0.13035714285714287,6,210,29.2,115,True,True,4,35
14120151,112,2781,0.4473938223938224,1,112,49.660714285714285,110,True,True,2,110
14120253,141,759,0.07689969604863221,2,139,10.76595744680851,34,True,True,4,45
14129601,180,823,0.0510862818125388,3,176,9.144444444444444,45,True,True,11,61
141341662,182,836,0.05075587396029385,4,176,9.186813186813186,75,True,True,5,29
14134942,240,3501,0.12207112970711297,1,240,29.175,98,True,True,2,17
14147754,69,677,0.2885763000852515,1,69,19.6231884057971,50,True,True,2,25
141488457,205,1856,0.08876135820181731,1,205,18.10731707317073,89,True,True,3,10
14150874,47,172,0.15911193339500462,1,47,7.319148936170213,21,True,True,2,28
14191254,134,1138,0.1277073280215464,1,134,16.98507462686567,71,True,True,3,25
14199378,133,3198,0.3643198906356801,1,133,48.090225563909776,113,True,True,10,92
14203895,215,2564,0.11145403173223212,2,213,23.851162790697675,109,True,True,2,69
1422311,223,3250,0.13129721649901022,1,223,29.14798206278027,124,True,True,1,6
14256927,226,1383,0.0543952802359882,3,221,12.238938053097344,56,True,True,2,10
14313005,136,2105,0.22930283224400871,1,136,30.955882352941178,106,True,True,3,42
143172151,142,887,0.08860253720907002,1,142,12.492957746478874,56,True,True,2,16
14327149,42,87,0.10104529616724739,1,42,4.142857142857143,11,True,True,1,5
14332288,134,1170,0.13129839524183592,1,134,17.46268656716418,66,True,True,2,46
143344048,62,315,0.16657852987837124,1,62,10.161290322580646,46,True,True,1,5
14338082,215,2424,0.10536839817430993,1,215,22.548837209302327,169,True,True,18,118
14353392,233,3718,0.13756104780227912,1,233,31.914163090128756,124,True,True,2,2
1435461,129,5857,0.7094234496124031,1,129,90.8062015503876,124,True,True,2,1
14365883,164,943,0.0705521472392638,1,164,11.5,49,True,True,2,19
143661263,153,2179,0.18739250085999312,1,153,28.483660130718953,86,True,True,2,43
14371740,184,2126,0.12627702542171537,1,184,23.108695652173914,87,True,True,3,21
14372486,62,940,0.49709148598625064,1,62,30.322580645161292,51,True,True,6,41
14372763,156,942,0.07791563275434243,2,154,12.076923076923077,61,True,True,2,47
14404235,77,393,0.13431305536568694,3,72,10.207792207792208,28,True,True,2,11
144211337,105,1644,0.3010989010989011,2,102,31.314285714285713,84,True,True,2,26
14422788,217,1534,0.06545485577743643,3,213,14.138248847926267,58,True,True,3,27
14426892,225,2773,0.11003968253968253,1,225,24.648888888888887,145,True,True,4,168
144723379,209,1980,0.09109311740890688,2,207,18.94736842105263,128,True,True,18,164
14505838,26,196,0.6030769230769231,1,26,15.076923076923077,24,True,True,2,23
14521330,64,344,0.17063492063492064,1,64,10.75,29,True,True,1,2
14528221,114,1118,0.1735755317497283,1,114,19.614035087719298,52,True,True,5,50
14550962,133,1201,0.13681932102984734,1,133,18.06015037593985,76,True,True,2,6
14555534,147,581,0.05414220482713633,2,145,7.904761904761905,31,True,True,4,17
145573135,72,1211,0.4737871674491393,1,72,33.638888888888886,64,True,True,3,34
14618160,75,427,0.15387387387387388,2,72,11.386666666666667,31,True,True,3,14
14630490,204,1070,0.05167584275089346,1,204,10.490196078431373,73,True,True,1,6
14677919,233,5405,0.19997780079917124,1,233,46.39484978540773,228,True,True,3,49
14711172,6,5,0.3333333333333333,1,6,1.6666666666666667,5,True,False,0,0
14719129,93,309,0.07223001402524544,3,89,6.645161290322581,30,True,True,4,20
14755105,149,1590,0.1442046072918556,1,149,21.34228187919463,88,True,True,2,29
14791232,142,2785,0.2781939866147238,1,142,39.225352112676056,107,True,True,4,41
14794851,223,1633,0.06597180139781036,1,223,14.645739910313901,54,True,True,2,18
14807093,199,2633,0.13364803817065124,2,197,26.462311557788944,108,True,True,1,13
14827526,90,223,0.05568039950062422,3,86,4.955555555555556,36,True,True,1,1
14836915,196,4682,0.24500261643118787,1,196,47.775510204081634,141,True,True,6,103
14838506,119,594,0.08460333285856715,2,117,9.983193277310924,49,True,True,3,35
14840869,72,620,0.24256651017214398,1,72,17.22222222222222,46,True,True,5,20
14843763,56,531,0.3448051948051948,1,56,18.964285714285715,44,True,True,2,14
14848513,128,1822,0.22416338582677164,1,128,28.46875,88,True,True,4,6
14849487,212,1330,0.05946525976929268,2,210,12.547169811320755,50,True,False,0,0
148519842,184,2022,0.12009978617248752,1,184,21.97826086956522,113,True,True,1,7
14869783,201,961,0.04781094527363184,2,199,9.562189054726367,118,True,True,3,10
14893314,154,1044,0.08861726508785332,1,154,13.558441558441558,51,True,True,2,17
14917050,84,708,0.20309810671256454,1,84,16.857142857142858,43,True,True,2,28
14922225,170,2368,0.16484510964148974,1,170,27.858823529411765,102,True,True,6,51
14936377,59,509,0.29748684979544127,1,59,17.25423728813559,44,True,True,3,26
14957252,205,2744,0.13122907699665232,1,205,26.770731707317072,102,True,True,5,40
14984096,80,479,0.15158227848101266,2,78,11.975,46,True,True,9,50
15001424,46,150,0.14492753623188406,1,46,6.521739130434782,24,True,True,2,14
15012486,198,6522,0.3344100907552684,1,198,65.87878787878788,168,True,True,12,53
150402542,190,836,0.04656084656084656,2,188,8.8,43,True,True,1,11
15053535,18,20,0.13071895424836602,3,14,2.2222222222222223,4,True,True,3,5
15070932,207,2744,0.12869940434313587,1,207,26.51207729468599,98,True,True,2,21
15099384,102,664,0.12890700834789362,1,102,13.019607843137255,73,True,True,3,42
151175266,163,2553,0.19336514428538967,1,163,31.32515337423313,113,True,True,3,57
151246522,30,280,0.6436781609195402,1,30,18.666666666666668,29,True,True,2,11
15129912,95,537,0.12026875699888018,2,93,11.305263157894737,40,True,True,3,44
151495845,194,6253,0.3340099353667005,1,194,64.4639175257732,183,True,True,3,139
15164892,162,951,0.07292385553255118,2,160,11.74074074074074,52,True,True,2,29
152062126,173,1465,0.0984675359591343,1,173,16.936416184971097,80,True,True,3,24
15208246,202,5863,0.2888035072163933,1,202,58.04950495049505,179,True,True,3,17
152388029,128,1733,0.21321358267716536,1,128,27.078125,94,True,True,3,28
152435436,210,2607,0.11879699248120301,2,208,24.82857142857143,90,True,True,5,89
15292446,229,5611,0.21493143338696086,1,229,49.004366812227076,157,True,True,3,20
153245741,220,1373,0.05699460356994603,1,220,12.481818181818182,57,True,True,3,17
15329577,246,3176,0.10539240086278413,1,246,25.821138211382113,87,True,True,2,25
15331855,122,1156,0.15661834439777808,2,118,18.950819672131146,64,True,True,2,25
15335809,202,4154,0.20462046204620463,1,202,41.12871287128713,161,True,True,5,63
15347317,160,1358,0.10676100628930818,1,160,16.975,63,True,True,4,41
15419775,115,763,0.1163996948893974,2,113,13.269565217391305,44,True,True,3,93
15420650,55,546,0.36767676767676766,1,55,19.854545454545455,44,True,True,2,14
15445811,25,170,0.5666666666666667,1,25,13.6,24,True,False,0,0
154648125,79,312,0.10126582278481013,2,76,7.89873417721519,35,True,True,2,13
154701532,226,3513,0.13817109144542772,1,226,31.088495575221238,117,True,True,2,67
15473958,150,2918,0.2611185682326622,1,150,38.906666666666666,140,True,True,3,20
15477120,183,2483,0.14910226385636222,1,183,27.136612021857925,96,True,True,3,16
15481789,225,2319,0.09202380952380952,2,223,20.613333333333333,79,True,True,4,43
1548841,179,2159,0.13552193835917395,1,179,24.122905027932962,95,True,True,4,64
15507297,233,4106,0.15191653100488384,1,233,35.24463519313305,133,True,True,2,16
15527013,152,742,0.06465667479958173,2,150,9.763157894736842,68,True,True,2,29
15533771,65,305,0.1466346153846154,1,65,9.384615384615385,33,True,True,3,6
155661154,203,5124,0.2499146466370775,1,203,50.48275862068966,142,True,True,24,101
155689319,193,2595,0.1400582901554404,1,193,26.89119170984456,121,True,True,1,10
15589323,30,128,0.2942528735632184,1,30,8.533333333333333,19,True,True,2,15
155976326,134,1663,0.1866232746044215,2,121,24.82089552238806,87,True,True,4,75
15642031,59,215,0.1256575102279369,2,56,7.288135593220339,22,True,True,2,4
15647676,189,3402,0.19148936170212766,1,189,36.0,149,True,True,3,62
15665127,121,1491,0.20537190082644627,1,121,24.644628099173552,66,True,True,1,2
15706128,80,824,0.2607594936708861,1,80,20.6,57,True,True,3,72
15741636,93,610,0.14258999532491817,1,93,13.118279569892474,39,True,True,3,16
157488488,35,71,0.11932773109243698,4,28,4.057142857142857,15,True,True,1,1
15797184,35,94,0.15798319327731092,1,35,5.371428571428571,14,True,True,4,10
158414847,77,1016,0.3472317156527683,1,77,26.38961038961039,71,True,True,3,31
158419434,194,5216,0.27861759521393087,1,194,53.77319587628866,160,True,True,1,6
15849055,222,2937,0.11972606090253149,2,220,26.45945945945946,92,True,True,3,139
15859268,32,146,0.29435483870967744,1,32,9.125,23,True,True,2,9
15864197,149,770,0.06983493560674768,1,149,10.335570469798657,46,True,True,5,38
158874150,110,2263,0.3774812343619683,2,108,41.14545454545455,86,True,True,2,5
15924858,10,31,0.6888888888888889,1,10,6.2,8,True,False,0,0
15938936,235,3390,0.12329514457174032,1,235,28.851063829787233,128,True,True,2,13
15944663,218,2580,0.10907707267577052,1,218,23.6697247706422,110,True,True,4,31
15947217,88,331,0.08646812957157785,4,79,7.5227272727272725,28,True,True,3,25
159588456,211,3947,0.1781539155946739,1,211,37.41232227488152,142,True,True,5,48
159629146,192,3406,0.1857547993019197,2,190,35.479166666666664,113,True,True,3,78
15977848,94,1198,0.2740791580873942,1,94,25.48936170212766,66,True,True,2,7
15989218,228,3268,0.1262848751835536,1,228,28.666666666666668,120,True,True,2,13
160237722,160,4990,0.3922955974842767,1,160,62.375,137,True,True,14,10
16027078,121,827,0.11391184573002755,2,119,13.669421487603305,46,True,True,3,27
160839015,72,615,0.24061032863849766,1,72,17.083333333333332,40,True,True,6,29
1608991,192,3512,0.19153577661431065,3,188,36.583333333333336,125,True,True,12,51
16105942,51,467,0.36627450980392157,1,51,18.313725490196077,38,True,True,3,23
16183380,238,3408,0.120838208701202,1,238,28.638655462184875,126,True,True,12,48
16193542,145,903,0.08649425287356322,2,142,12.455172413793104,46,True,True,1,1
16212913,154,890,0.07554536966301673,1,154,11.558441558441558,70,True,True,2,44
16234125,140,814,0.08365878725590956,1,140,11.628571428571428,41,True,True,2,27
16247469,234,3156,0.1157697810058325,1,234,26.974358974358974,164,True,True,2,13
16263665,188,832,0.04733189213789965,2,186,8.851063829787234,48,True,True,1,7
16279105,94,591,0.13520933424845574,1,94,12.574468085106384,45,True,True,4,19
16285517,164,1347,0.10077809367050726,1,164,16.426829268292682,76,True,True,2,29
16297193,13,68,0.8717948717948718,1,13,10.461538461538462,12,True,True,3,10
16305227,132,639,0.07390700902151284,1,132,9.681818181818182,30,True,True,3,12
163374693,164,1315,0.09838395929971569,2,162,16.036585365853657,53,True,True,2,31
163491360,164,2272,0.1699835403262008,2,162,27.70731707317073,77,True,True,3,18
163629705,171,1816,0.12493980048159614,2,169,21.239766081871345,93,True,True,10,99
163674521,219,3911,0.16383896778517867,1,219,35.71689497716895,112,True,True,5,159
16421962,56,237,0.1538961038961039,2,54,8.464285714285714,26,True,True,13,30
16437633,62,189,0.09994711792702274,3,58,6.096774193548387,20,True,False,0,0
16465113,122,1569,0.2125728221108251,1,122,25.721311475409838,74,True,False,0,0
16476088,39,237,0.31983805668016196,1,39,12.153846153846153,28,True,True,2,18
16505296,49,275,0.233843537414966,1,49,11.224489795918368,27,True,True,2,4
165580617,58,535,0.323653962492438,1,58,18.448275862068964,42,True,True,2,9
165598423,177,3080,0.1977401129943503,1,177,34.80225988700565,126,True,True,16,109
165786567,237,1907,0.06818994493313309,2,235,16.09282700421941,70,True,True,4,43
16591188,130,971,0.11580202742993441,1,130,14.938461538461539,45,True,True,3,71
16606585,104,871,0.16262135922330098,1,104,16.75,48,True,True,2,104
16610683,97,428,0.09192439862542956,1,97,8.824742268041238,37,True,True,3,17
16613128,134,1914,0.2147907081135675,1,134,28.567164179104477,101,True,False,0,0
16616109,241,3986,0.13782849239280776,3,237,33.07883817427386,135,True,True,1,20
166214735,237,5092,0.1820782378602589,1,237,42.970464135021096,170,True,True,19,95
166252256,95,1033,0.23135498320268758,1,95,21.74736842105263,52,True,True,2,11
16652550,129,1220,0.14777131782945738,2,127,18.914728682170544,90,True,True,5,70
16674149,14,37,0.4065934065934066,1,14,5.285714285714286,10,True,True,2,2
16685316,146,1110,0.10486537553141237,1,146,15.205479452054794,67,True,True,2,18
16726878,198,1720,0.08819156027277855,1,198,17.373737373737374,69,True,True,1,2
16734718,127,1827,0.2283464566929134,3,121,28.771653543307085,78,True,True,3,19
16790036,185,2147,0.12614571092831964,1,185,23.21081081081081,75,True,True,4,18
167901620,34,235,0.41889483065953653,1,34,13.823529411764707,28,True,True,1,7
16809036,215,4003,0.17400565094544665,3,209,37.23720930232558,155,True,True,8,225
168224294,191,3190,0.17580600716450812,1,191,33.403141361256544,134,True,True,19,32
16824073,145,1031,0.09875478927203066,1,145,14.220689655172414,76,True,False,0,0
16834201,94,394,0.09013955616563715,1,94,8.382978723404255,30,True,True,7,55
16840742,61,662,0.3617486338797814,1,61,21.704918032786885,45,True,False,0,0
168537920,83,815,0.239494563620335,1,83,19.63855421686747,70,True,True,3,28
16869298,218,1725,0.07292943812624192,1,218,15.825688073394495,183,True,True,2,9
16878507,124,1484,0.1945974298452662,1,124,23.93548387096774,78,True,True,3,20
169216507,211,5162,0.23299480929812683,1,211,48.92890995260664,168,True,True,3,39
169780164,230,3176,0.12059996202771976,2,228,27.617391304347827,128,True,True,4,41
16987303,193,7597,0.41002806563039723,2,191,78.72538860103627,158,True,True,3,123
170167167,129,1892,0.22916666666666666,1,129,29.333333333333332,82,True,True,2,8
17022544,76,459,0.16105263157894736,1,76,12.078947368421053,38,True,True,2,34
17045060,177,4290,0.2754237288135593,1,177,48.47457627118644,144,True,True,4,84
170729553,247,5629,0.18528027385537013,1,247,45.578947368421055,152,True,True,6,26
17111909,228,3536,0.13664116237730892,1,228,31.017543859649123,201,True,True,2,64
171202083,173,3718,0.24989917999731145,1,173,42.982658959537574,118,True,True,2,40
17135931,49,388,0.3299319727891156,1,49,15.83673469387755,36,True,True,2,8
17137927,154,1186,0.10067057125880655,1,154,15.402597402597403,50,True,True,3,14
171536167,93,181,0.042309490416082285,2,90,3.89247311827957,32,True,True,17,109
17384099,154,2584,0.21933621933621933,1,154,33.55844155844156,104,True,True,1,5
17396702,119,3594,0.5118928927503205,1,119,60.403361344537814,103,True,True,2,81
17403755,191,1057,0.05825296224855332,2,189,11.06806282722513,45,True,True,4,68
17421011,13,38,0.48717948717948717,2,11,5.846153846153846,9,True,True,2,3
174285878,228,2798,0.10812272973181854,1,228,24.54385964912281,155,True,True,13,79
17503591,195,1593,0.08421887390959557,1,195,16.338461538461537,158,True,True,4,153
175529494,202,1152,0.05674597310477316,2,199,11.405940594059405,47,True,True,1,12
175553601,201,5999,0.29845771144278604,1,201,59.691542288557216,173,True,True,64,94
17561785,143,1625,0.16005121638924455,1,143,22.727272727272727,67,True,True,5,38
17600223,95,1257,0.2815229563269877,1,95,26.46315789473684,54,True,True,3,67
17602896,161,2520,0.1956521739130435,1,161,31.304347826086957,118,True,True,2,10
17627996,96,242,0.05307017543859649,1,96,5.041666666666667,28,True,True,3,4
176310143,225,3956,0.15698412698412698,3,218,35.16444444444444,119,True,True,8,98
17636894,90,425,0.10611735330836454,1,90,9.444444444444445,51,True,True,6,11
17658786,202,5513,0.27156297719324174,1,202,54.584158415841586,171,True,True,6,93
176589903,25,202,0.6733333333333333,1,25,16.16,23,True,True,2,25
176872879,42,178,0.2067363530778165,1,42,8.476190476190476,25,True,True,3,33
176936249,17,31,0.22794117647058823,1,17,3.6470588235294117,9,True,True,1,3
17714569,190,2138,0.1190754664438875,1,190,22.50526315789474,84,True,True,6,79
17723880,123,1270,0.16926562708250034,1,123,20.650406504065042,59,True,True,3,81
1775731,46,423,0.40869565217391307,1,46,18.391304347826086,36,True,True,3,10
17767841,153,709,0.0609735122119023,4,145,9.267973856209151,39,True,True,7,55
17770689,83,314,0.0922715251248898,1,83,7.566265060240964,41,True,True,9,85
17787399,177,1189,0.07633538777606574,1,177,13.435028248587571,60,True,True,2,37
17797990,116,3679,0.5515742128935532,1,116,63.43103448275862,111,True,True,1,95
17822419,164,2284,0.17088134071524763,1,164,27.853658536585368,84,True,True,1,1
17866414,228,5628,0.21748203106886158,1,228,49.36842105263158,152,True,True,2,27
17874544,26,94,0.28923076923076924,1,26,7.230769230769231,21,True,True,2,10
179065820,107,663,0.11691059777816963,1,107,12.392523364485982,33,True,True,3,29
17912917,110,354,0.059049207673060884,1,110,6.4363636363636365,30,True,True,2,9
179138862,130,1426,0.17006559332140728,1,130,21.93846153846154,91,True,True,21,10
17918629,98,1910,0.4018514622343783,1,98,38.97959183673469,80,True,True,3,42
17922109,199,3014,0.15298715801228363,1,199,30.29145728643216,101,True,True,3,41
180540375,162,1149,0.08810674028065332,1,162,14.185185185185185,66,True,True,43,37
18068719,148,1344,0.12355212355212356,2,143,18.16216216216216,76,True,True,2,57
18069824,148,989,0.0909174480603052,1,148,13.364864864864865,74,True,True,2,19
18119683,150,3157,0.28250559284116333,1,150,42.093333333333334,99,True,True,3,28
18135029,55,552,0.3717171717171717,1,55,20.072727272727274,48,True,True,1,6
18191231,221,1585,0.06519950637597696,1,221,14.343891402714933,53,True,True,2,13
18201401,112,367,0.05904118404118404,1,112,6.553571428571429,28,True,True,2,5
18226205,189,3330,0.18743667679837892,2,187,35.23809523809524,142,True,True,3,74
18252740,153,2790,0.23993808049535603,2,151,36.470588235294116,99,True,True,5,92
182609394,30,196,0.45057471264367815,1,30,13.066666666666666,27,True,True,2,10
18270489,114,569,0.08834031982611396,1,114,9.982456140350877,38,True,True,13,112
18278524,218,2167,0.0916162854606181,1,218,19.880733944954127,145,True,True,2,10
18338485,219,2064,0.08646474802061078,6,209,18.84931506849315,90,True,True,1,10
18374320,187,1961,0.11275947329078259,1,187,20.97326203208556,75,True,True,2,7
183786731,156,3552,0.29379652605459056,1,156,45.53846153846154,133,True,True,2,24
184391654,170,2471,0.17201531500174033,1,170,29.070588235294117,83,True,True,2,5
184594566,188,3571,0.20315166685629765,2,186,37.98936170212766,108,True,True,3,58
18470775,32,300,0.6048387096774194,1,32,18.75,29,True,True,4,26
18472735,158,803,0.06474240103200839,1,158,10.164556962025317,51,True,True,6,144
184755890,91,441,0.1076923076923077,1,91,9.692307692307692,42,True,True,2,14
18481292,77,1159,0.3961038961038961,2,75,30.103896103896105,54,True,True,1,14
18483115,119,332,0.04728671129468737,1,119,5.579831932773109,85,True,True,2,6
18486243,180,2382,0.1478584729981378,1,180,26.466666666666665,107,True,True,4,51
18486881,145,1693,0.1621647509578544,1,145,23.351724137931033,125,True,True,6,61
18496986,205,1214,0.05805834528933525,2,201,11.84390243902439,51,True,True,3,28
18534908,185,2521,0.1481198589894242,1,185,27.254054054054055,118,True,True,5,128
185512077,97,2158,0.4634879725085911,4,89,44.49484536082474,81,True,True,2,45
18558612,22,194,0.8398268398268398,1,22,17.636363636363637,21,True,True,1,15
18571832,93,611,0.14282374941561476,2,91,13.13978494623656,44,True,True,2,16
18594420,191,1268,0.06988151005786718,2,189,13.277486910994764,53,True,True,5,83
18630326,198,3419,0.175306363123622,1,198,34.535353535353536,115,True,True,6,102
186354564,73,815,0.3101217656012177,1,73,22.328767123287673,55,True,True,5,50
18665800,212,3940,0.17616024322632567,1,212,37.16981132075472,121,True,True,6,60
18681592,30,49,0.11264367816091954,1,30,3.2666666666666666,10,True,True,1,3
18687625,103,367,0.06986483913953931,2,101,7.12621359223301,46,True,True,5,25
18690700,107,294,0.051842708517016396,3,101,5.4953271028037385,33,True,True,2,35
186909156,176,4837,0.3140909090909091,1,176,54.96590909090909,144,True,True,21,46
18718580,188,2036,0.11582660143361019,1,188,21.659574468085108,102,True,True,2,7
18731347,211,3302,0.1490408485669149,1,211,31.298578199052134,98,True,True,1,39
18734310,159,3428,0.2729082079452273,1,159,43.119496855345915,123,True,True,6,86
187569483,235,2923,0.10631023822513185,1,235,24.876595744680852,143,True,True,21,97
187744415,221,6171,0.25384615384615383,1,221,55.84615384615385,162,True,True,8,86
187773078,122,2543,0.344533261075735,1,122,41.68852459016394,114,True,True,12,17
18788502,147,1630,0.1518963749883515,1,147,22.17687074829932,76,True,True,10,37
188102842,151,3591,0.3170860927152318,1,151,47.562913907284766,141,True,True,19,1
18836167,191,1568,0.08641499035546983,1,191,16.418848167539267,47,True,True,3,42
18846990,135,1847,0.20420121614151465,2,133,27.362962962962964,71,True,True,2,10
18886852,209,3981,0.18315237394184763,1,209,38.09569377990431,144,True,True,4,148
18895362,148,1593,0.146442360728075,1,148,21.527027027027028,78,True,True,6,34
189111957,188,2552,0.14518147684605756,1,188,27.148936170212767,118,True,True,2,9
18917716,86,265,0.07250341997264022,2,84,6.162790697674419,27,True,True,1,5
18923866,245,2170,0.07259953161592506,1,245,17.714285714285715,100,True,True,2,51
189253902,106,1860,0.33423180592991913,1,106,35.094339622641506,100,True,True,5,40
18951737,197,2596,0.13446596912876826,1,197,26.35532994923858,115,True,True,11,41
18957524,125,1058,0.13651612903225807,1,125,16.928,48,True,True,13,62
189592841,79,354,0.11489776046738072,1,79,8.962025316455696,27,True,True,8,25
189875309,184,4028,0.23924922784509384,1,184,43.78260869565217,145,True,True,6,16
18988524,29,123,0.30295566502463056,1,29,8.482758620689655,17,True,True,7,7
18996905,61,579,0.3163934426229508,1,61,18.983606557377048,52,True,True,2,19
190138306,143,2059,0.20279720279720279,1,143,28.797202797202797,79,True,True,4,55
19064433,200,3050,0.15326633165829145,1,200,30.5,117,True,True,6,42
190696559,186,1780,0.1034582970066841,1,186,19.13978494623656,81,True,True,5,45
19110632,177,4073,0.2614920390344119,1,177,46.0225988700565,123,True,True,2,9
19136295,118,1550,0.2245400550485296,1,118,26.271186440677965,72,True,True,3,36
191896931,60,383,0.21638418079096045,1,60,12.766666666666667,40,True,True,3,13
191916463,69,330,0.14066496163682865,3,65,9.565217391304348,33,True,True,6,34
191924526,79,892,0.2895163907822136,1,79,22.582278481012658,66,True,True,2,13
19208450,179,2096,0.13156738434498777,1,179,23.41899441340782,81,True,True,2,27
19213083,143,982,0.09672018122722348,5,135,13.734265734265735,56,True,True,3,5
19225156,89,249,0.063585291113381,1,89,5.595505617977528,76,True,True,1,12
19283723,54,331,0.23130677847658979,2,51,12.25925925925926,30,True,True,2,8
19299909,153,823,0.07077743378052975,1,153,10.758169934640524,47,True,True,2,10
19380307,123,920,0.12261761961881915,1,123,14.959349593495935,52,True,True,3,26
19454519,54,553,0.3864430468204053,1,54,20.48148148148148,40,True,False,0,0
19492215,214,3129,0.1372910359352376,1,214,29.242990654205606,120,True,True,7,50
195475105,226,5723,0.22509341199606686,1,226,50.64601769911504,176,True,True,17,10
19563357,151,2416,0.21333333333333335,1,151,32.0,114,True,True,3,29
19658936,105,1653,0.3027472527472527,1,105,31.485714285714284,96,True,True,6,41
19668026,134,2108,0.2365615531365728,1,134,31.46268656716418,91,True,True,7,36
196926575,146,1160,0.1095890410958904,2,144,15.89041095890411,49,True,True,5,38
19725644,56,331,0.21493506493506492,1,56,11.821428571428571,39,True,True,6,33
197577781,137,1868,0.2005152425933877,1,137,27.27007299270073,81,True,True,1,47
197602850,134,1501,0.16844349680170576,1,134,22.402985074626866,67,True,True,2,11
19760380,220,1645,0.06828559568285596,1,220,14.954545454545455,71,True,True,1,25
197731654,40,109,0.13974358974358975,1,40,5.45,19,True,True,2,6
197903282,188,4507,0.25640004551143475,1,188,47.9468085106383,177,True,True,6,16
198327282,193,3413,0.18420768566493956,1,193,35.36787564766839,136,True,True,8,44
198370650,36,199,0.31587301587301586,1,36,11.055555555555555,27,True,True,3,15
198628427,70,654,0.2708074534161491,1,70,18.685714285714287,54,True,True,4,32
198941747,215,6198,0.269419691371441,1,215,57.65581395348837,175,True,True,4,26
19898730,234,1800,0.06602839220864971,1,234,15.384615384615385,84,True,True,4,238
199039532,226,3108,0.12224188790560472,1,226,27.504424778761063,101,True,True,4,33
19933035,62,1087,0.5748281332628239,1,62,35.064516129032256,59,True,True,3,27
19948202,246,4753,0.15772357723577235,1,246,38.642276422764226,156,True,True,3,37
199483163,109,729,0.12385321100917432,1,109,13.376146788990825,54,True,True,3,10
19976791,31,160,0.34408602150537637,1,31,10.32258064516129,28,True,True,2,8
200214366,183,6539,0.39266198282591724,1,183,71.46448087431693,173,True,True,12,60
200494218,186,3009,0.1748910200523104,1,186,32.354838709677416,120,True,True,2,7
20060293,243,6097,0.20735979321837908,1,243,50.181069958847736,178,True,True,2,40
20119746,41,151,0.18414634146341463,1,41,7.365853658536586,18,True,True,1,4
20179628,97,1978,0.42482817869415807,1,97,40.78350515463917,85,True,False,0,0
202114894,221,4360,0.17935006170300288,1,221,39.457013574660635,149,True,True,5,21
202195505,193,5843,0.31536053540587217,1,193,60.54922279792746,160,True,True,10,4
202346485,98,595,0.1251840942562592,2,96,12.142857142857142,36,True,True,2,28
2029971,143,1936,0.19068255687973998,1,143,27.076923076923077,84,True,True,7,92
20319646,214,1954,0.08573559738493265,1,214,18.261682242990656,83,True,True,2,44
20347014,231,3488,0.13130058347449652,3,226,30.1991341991342,112,True,True,5,53
203868162,69,464,0.1977834612105712,1,69,13.44927536231884,40,True,True,3,29
204145356,98,1176,0.24742268041237114,1,98,24.0,70,True,True,6,26
20436059,159,2932,0.23342090597882334,1,159,36.880503144654085,114,True,True,7,152
20446839,90,400,0.09987515605493133,1,90,8.88888888888889,36,True,True,2,35
204646586,76,1018,0.35719298245614034,1,76,26.789473684210527,45,True,True,2,31
20495756,152,1467,0.12783199721157198,2,150,19.30263157894737,66,True,True,2,29
20561154,159,1744,0.1388424488496139,1,159,21.937106918238992,91,True,True,3,16
20689206,206,4054,0.19199621122424818,3,202,39.359223300970875,116,True,True,5,82
206923844,232,6325,0.23604269293924465,1,232,54.525862068965516,201,True,True,3,9
20758393,121,702,0.09669421487603305,2,119,11.603305785123966,47,True,True,2,41
207594668,51,153,0.12,1,51,6.0,15,True,True,1,1
207936757,25,257,0.8566666666666667,1,25,20.56,24,True,True,2,24
20950208,92,651,0.15551839464882944,1,92,14.152173913043478,45,True,True,3,7
2097571,230,7336,0.27856464780710083,1,230,63.791304347826085,206,True,True,15,128
20999409,119,624,0.08887622845748469,3,115,10.487394957983193,39,True,True,4,11
21028234,52,256,0.19306184012066366,1,52,9.846153846153847,24,True,True,8,20
21061498,160,1856,0.1459119496855346,1,160,23.2,63,True,True,2,30
21077642,68,240,0.10535557506584724,1,68,7.0588235294117645,30,True,True,1,3
21094279,174,2975,0.19766128496445418,2,170,34.195402298850574,112,True,True,2,2
21132431,94,414,0.09471516815374056,1,94,8.808510638297872,27,True,True,10,36
211547273,177,4199,0.2695814072932717,5,165,47.44632768361582,137,True,True,2,13
211933541,131,2704,0.31755725190839695,1,131,41.282442748091604,115,True,True,4,34
21222922,63,152,0.07782898105478751,2,60,4.825396825396825,26,True,True,6,47
212642904,146,1285,0.1213982050070855,2,141,17.602739726027398,79,True,True,4,33
212718048,85,265,0.0742296918767507,2,83,6.235294117647059,21,True,False,0,0
21318259,78,824,0.27439227439227437,1,78,21.128205128205128,61,True,True,2,23
21337501,39,140,0.18893387314439947,1,39,7.17948717948718,18,True,True,1,1
21339164,86,1097,0.30013679890560874,1,86,25.511627906976745,60,True,True,4,77
21363077,134,1512,0.16967792615868027,1,134,22.567164179104477,70,True,True,5,68
21364753,51,456,0.35764705882352943,1,51,17.88235294117647,35,True,True,2,19
21391704,146,1451,0.13708077468115257,2,144,19.876712328767123,61,True,True,2,35
21415375,215,3305,0.14366442077809172,1,215,30.74418604651163,156,True,True,2,9
21420959,91,1346,0.3286935286935287,1,91,29.582417582417584,84,True,True,2,28
21437537,222,2631,0.10725204842851901,2,220,23.7027027027027,120,True,True,3,13
215328630,10,23,0.5111111111111111,1,10,4.6,7,True,False,0,0
21578499,172,1782,0.1211750305997552,1,172,20.72093023255814,70,True,True,11,107
215824411,10,28,0.6222222222222222,1,10,5.6,8,True,True,1,3
21648994,82,794,0.2390846130683529,1,82,19.365853658536587,51,True,True,4,21
216843160,195,5106,0.2699444885011895,1,195,52.36923076923077,173,True,True,14,65
21731779,33,49,0.0928030303030303,4,26,2.9696969696969697,11,True,True,5,14
21735280,210,1574,0.07172476646160857,1,210,14.99047619047619,85,True,True,1,9
217796457,184,8365,0.4968519838441435,1,184,90.92391304347827,179,True,True,1,6
21816783,53,183,0.1328011611030479,1,53,6.90566037735849,27,True,True,2,13
219365298,94,719,0.16449325097231754,1,94,15.297872340425531,49,True,True,3,16
22106463,156,1404,0.11612903225806452,1,156,18.0,59,True,True,13,61
22121627,173,1440,0.09678720258099206,1,173,16.647398843930635,58,True,True,7,60
222090651,175,3025,0.1986863711001642,1,175,34.57142857142857,128,True,True,2,15
22252971,23,26,0.10276679841897234,4,16,2.260869565217391,7,True,True,4,5
224581852,140,3090,0.3175745118191161,1,140,44.142857142857146,110,True,False,0,0
225302763,85,1129,0.31624649859943976,1,85,26.564705882352943,75,True,True,2,2
2257971,67,347,0.15694255992763456,1,67,10.35820895522388,41,True,True,2,11
22745706,110,621,0.10358632193494578,1,110,11.290909090909091,42,True,True,5,47
22751884,106,355,0.0637915543575921,2,102,6.69811320754717,35,True,True,6,51
227650565,201,3662,0.18218905472636815,1,201,36.43781094527363,158,True,True,6,8
227785045,54,290,0.2026554856743536,1,54,10.74074074074074,27,True,True,10,24
228270980,143,2897,0.28533438392593324,1,143,40.51748251748252,100,True,True,4,45
22863638,186,1935,0.11246730601569312,1,186,20.806451612903224,77,True,True,5,77
22879382,175,1344,0.08827586206896551,2,172,15.36,82,True,True,2,16
22915745,198,3853,0.1975593498436138,1,198,38.91919191919192,115,True,True,2,52
229425177,113,3330,0.5262326169405815,1,113,58.93805309734513,108,True,True,2,12
22954430,215,2019,0.08776352966746359,1,215,18.781395348837208,65,True,True,15,103
22958268,99,753,0.1552257266542981,1,99,15.212121212121213,54,True,True,2,27
22970486,79,461,0.14962674456345343,3,75,11.670886075949367,39,True,True,4,19
229741646,116,2294,0.343928035982009,1,116,39.55172413793103,101,True,True,20,101
22977196,205,1866,0.08923959827833572,1,205,18.204878048780486,68,True,True,1,20
229969377,67,477,0.2157394843962008,2,65,14.238805970149254,32,True,True,2,33
230601773,185,3495,0.2053466509988249,1,185,37.78378378378378,149,True,True,27,100
230880104,78,2222,0.73992673992674,1,78,56.97435897435897,77,True,True,4,42
232006900,151,1351,0.11929359823399559,1,151,17.894039735099337,74,True,True,4,42
232706326,159,2451,0.1951277764509195,1,159,30.830188679245282,117,True,True,3,50
23334169,186,1967,0.11432723045626271,1,186,21.150537634408604,91,True,True,2,6
233598791,166,3650,0.26652062796641107,1,166,43.975903614457835,138,True,True,18,36
234169190,230,2894,0.10989177900132903,1,230,25.16521739130435,121,True,True,5,43
23469247,46,324,0.3130434782608696,2,44,14.08695652173913,39,True,True,2,15
23503181,101,1455,0.2881188118811881,1,101,28.81188118811881,77,True,True,2,8
235219400,125,1537,0.19832258064516128,1,125,24.592,81,True,True,3,19
2363991,214,3430,0.15049800359791146,2,210,32.05607476635514,113,True,True,9,179
237019614,63,566,0.289810547875064,1,63,17.96825396825397,44,True,True,3,39
237049769,90,463,0.11560549313358302,1,90,10.28888888888889,42,True,True,4,42
23742633,237,4501,0.16094543374097117,2,234,37.983122362869196,139,True,True,2,190
23759573,96,1036,0.22719298245614036,1,96,21.583333333333332,57,True,True,3,53
237845487,42,182,0.21138211382113822,1,42,8.666666666666666,16,True,True,16,6
23790454,116,975,0.14617691154422788,3,111,16.810344827586206,60,True,True,7,33
238264600,188,833,0.047388781431334626,1,188,8.861702127659575,53,True,True,4,85
23889102,71,303,0.12193158953722334,1,71,8.535211267605634,29,True,True,2,6
239141315,177,2463,0.15812788906009245,1,177,27.83050847457627,103,True,True,11,159
239434259,184,1884,0.11190306486101212,1,184,20.47826086956522,68,True,True,3,59
240740059,179,3403,0.21360868746469147,2,172,38.022346368715084,111,True,True,2,17
24117694,246,6329,0.21002156960345114,1,246,51.45528455284553,169,True,True,1,3
241635675,17,53,0.3897058823529412,1,17,6.235294117647059,14,True,True,2,9
242013901,120,2307,0.323109243697479,2,118,38.45,86,True,True,2,50
242024994,149,3173,0.2877743515327408,2,146,42.59060402684564,105,True,True,2,52
242073660,141,1902,0.19270516717325228,1,141,26.97872340425532,72,True,False,0,0
242479442,177,2469,0.15851309707241912,1,177,27.89830508474576,90,True,True,5,59
243267948,50,827,0.6751020408163265,2,48,33.08,45,True,True,3,37
24479656,238,5075,0.17994539587987093,1,238,42.64705882352941,122,True,True,3,34
24541192,177,1554,0.09976887519260401,4,171,17.559322033898304,67,True,True,2,27
24542441,136,1068,0.11633986928104575,2,134,15.705882352941176,70,True,True,2,6
245639401,179,1948,0.12227732094658214,2,174,21.76536312849162,83,True,True,2,45
24636631,83,429,0.12606523655598,2,81,10.337349397590362,29,True,True,9,52
24815332,230,3152,0.11968862730206949,2,228,27.408695652173915,115,True,True,11,185
248224845,168,2859,0.2038066723695466,2,166,34.035714285714285,130,True,True,9,18
248523038,80,510,0.16139240506329114,1,80,12.75,37,True,True,1,8
248883350,184,6209,0.36879306248515087,1,184,67.48913043478261,171,True,True,2,18
248916246,174,3487,0.2316789582087569,1,174,40.08045977011494,108,True,True,4,26
24903302,109,628,0.10669384981311587,1,109,11.522935779816514,37,True,True,2,55
24907197,74,176,0.06516105146242132,6,60,4.756756756756757,19,True,True,5,7
249829509,135,1627,0.1798783858485351,2,133,24.103703703703705,88,True,True,2,29
249831237,38,182,0.25889046941678523,2,35,9.578947368421053,26,True,True,2,4
250340951,75,1183,0.4263063063063063,1,75,31.546666666666667,67,True,True,2,6
250447400,156,3257,0.2693961952026468,1,156,41.756410256410255,106,True,True,1,1
250900294,148,1037,0.09533002390145247,2,145,14.013513513513514,57,True,True,4,20
25179170,59,240,0.1402688486265342,2,56,8.135593220338983,28,True,True,3,22
252415267,198,3225,0.1653591755114598,1,198,32.57575757575758,111,True,True,2,10
253360762,219,1415,0.0592769469230447,1,219,12.922374429223744,62,True,True,3,17
25344777,51,426,0.3341176470588235,1,51,16.705882352941178,46,True,True,6,47
253751053,133,738,0.08407382091592618,1,133,11.097744360902256,32,True,True,6,11
253863144,61,385,0.2103825136612022,1,61,12.62295081967213,33,True,True,1,8
254883790,205,1470,0.0703012912482066,1,205,14.341463414634147,69,True,True,3,10
255790981,199,5324,0.2702400893355667,2,197,53.50753768844221,143,True,True,6,116
25649234,220,3175,0.13179742631797425,1,220,28.863636363636363,135,True,True,4,32
256497288,213,12174,0.5391974488440074,2,211,114.30985915492958,196,True,True,4,75
25650268,54,134,0.0936408106219427,3,48,4.962962962962963,15,True,True,2,10
25755158,115,1338,0.20411899313501145,1,115,23.269565217391303,85,True,True,2,13
2576401,208,870,0.040412486064659976,1,208,8.365384615384615,34,True,True,1,1
258145892,177,1261,0.08095788392398562,3,173,14.248587570621469,59,True,True,1,1
258447233,63,651,0.3333333333333333,1,63,20.666666666666668,47,True,True,2,23
2589521,172,2414,0.16415068679450565,1,172,28.069767441860463,82,True,True,6,20
258955239,14,37,0.4065934065934066,1,14,5.285714285714286,7,True,False,0,0
259288589,170,3496,0.24336930038287505,1,170,41.129411764705885,116,True,True,2,54
259365099,30,95,0.21839080459770116,1,30,6.333333333333333,17,True,False,0,0
259884200,41,468,0.5707317073170731,2,39,22.829268292682926,34,True,True,4,36
26083291,174,1318,0.08756893229685735,3,167,15.149425287356323,55,True,True,2,12
26103051,204,1027,0.04959915000482952,1,204,10.068627450980392,37,True,True,2,41
261973875,92,733,0.17510750119445773,1,92,15.934782608695652,37,True,True,2,51
262310943,12,51,0.7727272727272727,1,12,8.5,11,True,True,1,10
26234692,73,224,0.0852359208523592,7,59,6.136986301369863,28,True,True,2,2
26286713,67,609,0.27544097693351427,1,67,18.17910447761194,41,True,True,1,7
263224927,165,1536,0.11352549889135255,1,165,18.618181818181817,75,True,True,2,7
26335321,93,483,0.11290322580645161,2,91,10.387096774193548,39,True,True,2,17
26346966,78,1164,0.3876123876123876,1,78,29.846153846153847,69,True,True,3,31
265077741,109,2023,0.3436969079170914,1,109,37.11926605504587,97,True,True,5,34
26585095,83,513,0.1507493388186894,1,83,12.36144578313253,63,True,True,13,48
26604704,132,598,0.06916493176035161,2,130,9.06060606060606,50,True,True,1,2
266464616,178,1673,0.10620199327112297,4,170,18.797752808988765,103,True,True,2,21
267383914,152,2520,0.219588706866504,2,150,33.1578947368421,98,True,False,0,0
268425888,127,1142,0.14273215848018997,1,127,17.984251968503937,58,True,True,1,2
269485905,147,1350,0.12580374615599665,1,147,18.367346938775512,66,True,True,8,30
269559495,98,655,0.13780770039974752,1,98,13.36734693877551,38,True,True,3,36
26961048,194,2152,0.11495112440574756,3,190,22.185567010309278,79,True,True,2,21
275686563,69,1242,0.5294117647058824,1,69,36.0,64,True,True,2,12
27595997,50,228,0.18612244897959185,1,50,9.12,19,True,True,2,12
276128869,111,1601,0.26224406224406227,1,111,28.846846846846848,84,True,True,3,50
276843589,28,133,0.35185185185185186,1,28,9.5,22,True,True,1,10
278181157,177,3553,0.22810734463276836,1,177,40.14689265536723,118,True,True,21,21
278311152,79,1587,0.5150925024342746,2,77,40.177215189873415,70,True,True,2,53
27853708,198,1139,0.05840127159924114,3,190,11.505050505050505,62,True,True,5,43
279854450,46,293,0.28309178743961355,1,46,12.73913043478261,29,True,True,2,7
280329780,85,1368,0.3831932773109244,1,85,32.188235294117646,78,True,True,100,75
28205087,95,1086,0.24322508398656215,1,95,22.86315789473684,53,True,True,2,12
283732062,170,4367,0.30400278454577095,1,170,51.37647058823529,117,True,True,8,68
2841151,127,880,0.10998625171853518,3,123,13.858267716535433,52,True,True,9,101
28490110,194,3350,0.17894343250894718,1,194,34.5360824742268,111,True,True,10,65
285287229,185,2788,0.163807285546416,1,185,30.14054054054054,120,True,True,8,8
28628055,101,1105,0.2188118811881188,1,101,21.88118811881188,58,True,True,2,17
287519521,36,147,0.23333333333333334,1,36,8.166666666666666,22,True,True,7,25
2890961,53,342,0.24818577648766327,1,53,12.90566037735849,35,True,True,3,13
289738351,179,1812,0.11374050593183102,1,179,20.24581005586592,89,True,True,6,32
290092792,239,2982,0.10484863401427516,1,239,24.95397489539749,113,True,True,5,57
29016037,224,2468,0.09881486226777707,1,224,22.035714285714285,105,True,True,4,51
29034979,88,388,0.1013584117032393,3,84,8.818181818181818,27,True,True,2,9
291403100,90,468,0.11685393258426967,1,90,10.4,33,True,True,2,17
292560337,96,1865,0.40899122807017546,1,96,38.854166666666664,72,True,True,1,1
29357507,85,356,0.09971988795518208,1,85,8.376470588235295,24,True,True,5,82
29514951,77,1114,0.38072453861927547,1,77,28.935064935064936,57,True,True,7,39
296218728,80,702,0.2221518987341772,2,78,17.55,55,True,True,2,28
297985585,48,400,0.3546099290780142,1,48,16.666666666666668,37,True,True,2,3
298038575,138,1845,0.195176134560457,1,138,26.73913043478261,81,True,True,3,39
30031265,147,1183,0.11024135681669928,1,147,16.095238095238095,53,True,True,7,114
300842571,189,3894,0.21918270854441066,1,189,41.20634920634921,129,True,True,4,29
30096240,169,557,0.03923640462102001,2,167,6.591715976331361,36,True,True,1,1
301297627,121,3776,0.5201101928374655,1,121,62.413223140495866,120,True,True,5,5
30207757,191,3938,0.21702948470653072,1,191,41.23560209424084,132,True,True,7,89
30310904,98,747,0.15716389648642962,1,98,15.244897959183673,44,True,True,2,19
30313925,157,3170,0.2588600359300996,1,157,40.382165605095544,125,True,True,4,57
30345417,152,1793,0.15623910770303243,1,152,23.592105263157894,66,True,True,3,47
303886358,122,2138,0.2896626473377591,1,122,35.049180327868854,88,True,True,2,3
30393917,61,593,0.32404371584699454,1,61,19.442622950819672,43,True,True,2,37
306445007,232,6035,0.22522018211673384,1,232,52.025862068965516,187,True,True,2,13
307458983,228,7021,0.27131153875879127,1,228,61.58771929824562,199,True,True,42,45
307478701,28,102,0.2698412698412698,1,28,7.285714285714286,17,True,False,0,0
308220010,128,794,0.09768700787401575,2,126,12.40625,57,True,True,2,24
30824363,135,697,0.07705914870093974,1,135,10.325925925925926,48,True,True,1,16
309096216,137,874,0.09381708887934737,4,131,12.75912408759124,37,True,True,2,16
30970675,64,347,0.17212301587301587,1,64,10.84375,29,True,True,6,11
311227912,35,183,0.30756302521008405,1,35,10.457142857142857,30,True,False,0,0
31153819,219,1593,0.06673369360311675,3,215,14.547945205479452,65,True,True,9,118
31179985,92,441,0.10535117056856187,1,92,9.58695652173913,33,True,True,4,57
312284236,169,2607,0.18364327979712594,2,167,30.85207100591716,109,True,True,3,10
31246395,223,2773,0.11202682503130934,2,221,24.869955156950674,111,True,True,4,25
312805417,226,3153,0.1240117994100295,1,226,27.902654867256636,107,True,True,4,9
31313454,71,321,0.12917505030181087,1,71,9.04225352112676,23,True,True,2,9
31317273,161,1762,0.13680124223602486,1,161,21.888198757763973,137,True,True,3,13
313359626,175,1259,0.08269293924466338,1,175,14.388571428571428,70,True,False,0,0
314038032,103,1019,0.19398438987245384,1,103,19.78640776699029,61,True,True,4,50
314316607,235,10862,0.3950536461174759,1,235,92.44255319148937,228,True,True,3,36
31457243,40,246,0.3153846153846154,1,40,12.3,35,True,True,3,10
31464977,30,102,0.23448275862068965,1,30,6.8,25,True,True,1,6
31477674,165,2673,0.1975609756097561,1,165,32.4,94,True,True,1,8
315418321,62,357,0.18878900052882072,1,62,11.516129032258064,29,True,True,1,4
31610343,131,2344,0.27527891955372874,2,129,35.786259541984734,101,True,True,9,69
31631020,121,1177,0.1621212121212121,1,121,19.454545454545453,70,True,True,4,43
317313520,204,3261,0.1574905824398725,1,204,31.970588235294116,128,True,True,3,46
318760490,98,870,0.18304228908058068,1,98,17.755102040816325,60,True,True,2,24
31949053,200,2039,0.10246231155778894,1,200,20.39,83,True,True,5,58
320527944,65,93,0.04471153846153846,5,56,2.8615384615384616,24,True,True,2,4
321620987,76,379,0.13298245614035087,1,76,9.973684210526315,36,True,True,3,19
321652589,57,509,0.31892230576441105,2,55,17.859649122807017,40,True,True,3,21
32289713,73,257,0.09779299847792998,1,73,7.041095890410959,21,True,True,3,19
324201646,29,164,0.4039408866995074,1,29,11.310344827586206,22,True,True,17,12
3245291,195,1674,0.08850118953211737,2,192,17.16923076923077,76,True,True,5,25
324544865,155,1929,0.16162547130289065,2,153,24.89032258064516,105,True,True,7,56
3253671,147,2572,0.2396794334172025,2,144,34.993197278911566,105,True,True,2,30
32547856,166,1806,0.13187294633077765,1,166,21.759036144578314,70,True,True,2,3
32574761,98,402,0.08457816116137176,1,98,8.204081632653061,26,True,True,3,57
326259198,179,1767,0.1109158244931266,1,179,19.743016759776538,90,True,True,6,48
33060624,44,132,0.13953488372093023,2,40,6.0,16,True,True,2,13
33080832,103,243,0.04625928041119361,2,101,4.718446601941747,22,True,True,1,2
33097148,201,1808,0.0899502487562189,2,199,17.99004975124378,76,True,True,1,1
333021748,94,1939,0.4436055822466255,1,94,41.255319148936174,86,True,True,23,30
3338681,61,206,0.11256830601092896,1,61,6.754098360655738,20,True,True,2,10
333881828,17,57,0.41911764705882354,1,17,6.705882352941177,13,True,True,2,10
333966373,182,899,0.05458077833768441,2,174,9.87912087912088,58,True,True,3,13
33511585,159,2190,0.17434917602101743,1,159,27.547169811320753,85,True,True,3,47
33612973,216,3369,0.1450904392764858,1,216,31.194444444444443,154,True,True,3,60
33617320,146,1932,0.18252243741143126,1,146,26.465753424657535,89,True,True,2,18
336463060,217,3178,0.13560334528076465,1,217,29.29032258064516,132,True,True,2,21
33794839,15,58,0.5523809523809524,1,15,7.733333333333333,12,True,True,2,8
338017544,191,3038,0.16742904381372278,1,191,31.81151832460733,102,True,True,3,82
33806113,75,649,0.23387387387387387,1,75,17.30666666666667,34,True,True,3,38
33868543,82,618,0.1860885275519422,1,82,15.073170731707316,48,True,True,2,38
34242979,208,3471,0.161231884057971,1,208,33.375,105,True,True,9,155
34416153,148,2063,0.18964883250597536,2,146,27.87837837837838,84,True,True,9,55
344966590,150,1747,0.156331096196868,1,150,23.293333333333333,67,True,True,3,36
345569115,69,481,0.2050298380221654,1,69,13.942028985507246,34,True,True,2,16
34805698,10,31,0.6888888888888889,1,10,6.2,9,True,True,3,8
348851602,133,2081,0.23706994759626338,1,133,31.293233082706767,69,True,True,2,7
35012277,185,1938,0.11386603995299648,1,185,20.951351351351352,72,True,True,2,20
35012599,240,2595,0.09048117154811715,1,240,21.625,95,True,True,6,87
351092905,233,3923,0.14514577475210894,1,233,33.67381974248927,110,True,True,4,55
35166642,76,407,0.14280701754385966,1,76,10.710526315789474,42,True,True,2,16
353767514,133,1302,0.14832535885167464,1,133,19.57894736842105,70,True,True,8,18
35432497,230,1386,0.052629580406303396,1,230,12.052173913043479,89,True,False,0,0
355823615,50,342,0.27918367346938777,2,44,13.68,34,True,True,1,1
356897757,28,37,0.09788359788359788,2,26,2.642857142857143,6,True,True,3,9
356963,126,495,0.06285714285714286,2,122,7.857142857142857,55,True,True,11,123
35726059,213,5474,0.2424484010984144,1,213,51.39906103286385,157,True,True,3,34
358845982,51,686,0.5380392156862746,1,51,26.901960784313726,46,True,True,2,3
35926608,152,3309,0.2883408853258975,1,152,43.53947368421053,113,True,True,6,62
359791673,65,382,0.18365384615384617,1,65,11.753846153846155,31,True,True,6,47
360025190,54,762,0.5324947589098532,1,54,28.22222222222222,52,True,True,4,47
360210947,81,886,0.2734567901234568,2,79,21.876543209876544,49,True,True,3,29
364664695,38,325,0.4623044096728307,1,38,17.105263157894736,30,True,True,2,30
36475508,216,1857,0.07997416020671834,2,214,17.194444444444443,87,True,True,17,47
36544954,66,305,0.14219114219114218,1,66,9.242424242424242,28,True,True,2,8
36618690,148,1940,0.1783416069130355,1,148,26.216216216216218,117,True,True,1,2
36629388,212,4715,0.2108110524903872,1,212,44.4811320754717,143,True,True,1,10
368018677,80,369,0.11677215189873418,2,76,9.225,40,True,True,1,6
36836787,164,1471,0.11005536435732456,1,164,17.9390243902439,81,True,True,3,27
36953510,77,558,0.19070403280929596,1,77,14.493506493506494,46,True,False,0,0
37103386,196,4618,0.24165358451072738,1,196,47.12244897959184,132,True,True,3,30
37112942,94,486,0.11118737131091283,1,94,10.340425531914894,46,True,True,2,7
37170886,212,3364,0.15040686756684252,1,212,31.735849056603772,124,True,True,4,96
37201612,172,1163,0.07908336733306133,1,172,13.523255813953488,93,True,True,3,4
372765570,173,842,0.05659362817583009,1,173,9.734104046242775,62,True,True,2,28
374007416,126,479,0.060825396825396824,2,124,7.603174603174603,25,True,True,11,109
37723441,133,1322,0.15060378218272955,1,133,19.8796992481203,70,True,True,3,28
377662213,130,617,0.07358378056052475,1,130,9.492307692307692,40,True,True,4,8
37792861,87,806,0.21545041432771986,1,87,18.528735632183906,63,True,True,2,10
378494343,203,1014,0.04945617714480808,1,203,9.990147783251231,54,True,True,2,7
37899473,119,722,0.1028343540806153,2,117,12.134453781512605,43,True,True,2,15
37977732,93,454,0.10612435717625059,1,93,9.763440860215054,36,True,True,10,63
37992666,119,951,0.1354507904856858,1,119,15.983193277310924,44,True,True,3,54
38108292,207,2148,0.10074574363303784,1,207,20.753623188405797,60,True,True,3,57
381688396,60,300,0.1694915254237288,1,60,10.0,31,True,True,2,8
382110320,177,3420,0.21956856702619415,1,177,38.644067796610166,144,True,True,1,5
384685422,174,4928,0.32742010497641355,1,174,56.64367816091954,130,True,True,5,16
384761809,115,1518,0.23157894736842105,1,115,26.4,80,True,True,2,24
38703025,129,915,0.11082848837209303,2,127,14.186046511627907,53,True,True,3,29
38761811,176,1929,0.12525974025974027,1,176,21.920454545454547,95,True,True,2,154
39070445,67,548,0.24785165083672547,1,67,16.35820895522388,59,True,True,4,26
39157827,84,304,0.08720596672403902,2,82,7.238095238095238,30,True,True,3,55
39322973,153,1839,0.15815273477812178,1,153,24.03921568627451,76,True,True,3,30
396721965,9,13,0.3611111111111111,1,9,2.888888888888889,7,True,True,2,9
39695043,21,95,0.4523809523809524,1,21,9.047619047619047,17,True,True,2,8
397688944,69,513,0.2186700767263427,1,69,14.869565217391305,40,True,True,1,5
398994309,68,1398,0.6136962247585601,1,68,41.11764705882353,66,True,True,2,62
40022380,57,226,0.14160401002506265,1,57,7.9298245614035086,32,True,True,1,20
400867704,47,204,0.1887141535615171,2,45,8.680851063829786,23,True,True,2,9
402970625,84,596,0.17096959265633965,1,84,14.19047619047619,43,True,True,3,18
40564708,111,437,0.07158067158067158,1,111,7.873873873873874,29,True,True,1,5
40580577,190,2361,0.1314954051796157,1,190,24.852631578947367,67,True,True,2,19
40705032,80,297,0.0939873417721519,1,80,7.425,26,True,False,0,0
407769660,135,1607,0.17766721945826425,1,135,23.807407407407407,71,True,True,4,122
40777046,25,31,0.10333333333333333,2,22,2.48,6,True,True,3,18
40813518,122,2112,0.28614008941877794,1,122,34.622950819672134,82,True,True,2,8
40818894,73,631,0.24010654490106545,1,73,17.28767123287671,44,True,True,1,4
40981798,117,2032,0.29944002357795463,1,117,34.73504273504273,84,True,True,2,11
414334713,121,969,0.13347107438016528,1,121,16.016528925619834,55,True,True,4,21
41945050,71,843,0.3392354124748491,2,69,23.746478873239436,56,True,True,3,16
42098834,37,325,0.487987987987988,1,37,17.56756756756757,34,True,True,3,27
423567032,238,2090,0.0741055916037301,1,238,17.563025210084035,61,True,True,2,32
42522911,83,241,0.07081986482515427,3,79,5.807228915662651,18,True,True,1,1
4258591,106,626,0.11248876909254268,2,102,11.81132075471698,50,True,True,2,42
42676302,62,489,0.25859333685880487,1,62,15.774193548387096,44,True,True,3,16
428333,65,929,0.4466346153846154,1,65,28.584615384615386,62,True,True,4,33
42912024,86,1325,0.3625170998632011,1,86,30.813953488372093,71,True,True,2,34
43003845,105,2377,0.43534798534798536,1,105,45.27619047619048,99,True,True,2,4
430313102,51,999,0.7835294117647059,1,51,39.1764705882353,50,True,True,2,8
43194901,51,249,0.1952941176470588,1,51,9.764705882352942,26,True,True,7,44
434433610,144,2738,0.2659285159285159,1,144,38.02777777777778,113,True,True,20,132
43540843,141,2158,0.21864235055724418,1,141,30.609929078014183,88,True,True,7,80
437300342,180,4293,0.2664804469273743,1,180,47.7,118,True,True,7,156
43858661,11,25,0.45454545454545453,1,11,4.545454545454546,8,True,True,3,3
4387041,107,444,0.07829307000529007,2,105,8.299065420560748,21,True,True,4,58
441252694,137,441,0.04733791326749678,1,137,6.437956204379562,91,True,True,3,14
44130462,207,2773,0.13005956568641247,1,207,26.792270531400966,171,True,True,5,34
44257374,148,1847,0.16979224122081266,1,148,24.95945945945946,87,True,True,3,47
44394333,58,353,0.21355111917725347,1,58,12.172413793103448,38,True,True,2,6
44524106,80,679,0.214873417721519,1,80,16.975,45,True,True,1,2
44666348,202,4959,0.24427368109945322,1,202,49.0990099009901,141,True,True,2,83
45145944,49,150,0.12755102040816327,1,49,6.122448979591836,28,True,False,0,0
45310286,176,2440,0.15844155844155844,2,174,27.727272727272727,123,True,True,8,73
45333725,80,301,0.09525316455696202,2,78,7.525,29,True,True,4,12
45690012,171,3433,0.23618851049191605,3,166,40.15204678362573,126,True,True,8,156
45753733,243,3254,0.11066897935584805,1,243,26.781893004115226,110,True,True,2,14
45857296,79,299,0.0970464135021097,3,75,7.569620253164557,32,True,True,18,40
46160500,199,2522,0.1280138064057662,1,199,25.34673366834171,121,True,True,5,28
46533358,211,1512,0.06824644549763033,1,211,14.33175355450237,67,True,True,2,7
47359057,219,2408,0.10087553935737925,1,219,21.990867579908677,89,True,True,2,35
47673661,123,1006,0.13407970145275222,1,123,16.357723577235774,58,True,True,2,3
477094958,66,337,0.1571095571095571,1,66,10.212121212121213,37,True,True,2,28
47854857,185,3066,0.18014101057579318,1,185,33.14594594594595,106,True,True,7,85
48132655,95,1761,0.39440089585666294,1,95,37.07368421052632,79,True,True,3,59
48436259,145,641,0.061398467432950195,1,145,8.841379310344827,55,True,True,2,51
484991854,27,219,0.6239316239316239,1,27,16.22222222222222,25,True,True,2,2
48730516,44,240,0.2536997885835095,1,44,10.909090909090908,30,True,True,7,19
49098552,50,121,0.09877551020408164,1,50,4.84,19,True,True,3,26
49253437,178,3040,0.19297911508918936,1,178,34.157303370786515,102,True,True,2,5
493138720,97,603,0.12951030927835053,5,89,12.43298969072165,33,True,True,14,85
49414491,108,225,0.03894080996884735,3,101,4.166666666666667,35,True,True,4,10
494538543,112,520,0.08365508365508366,2,110,9.285714285714286,49,True,True,4,44
49536244,204,1046,0.05051675842750893,1,204,10.254901960784315,44,True,True,10,134
50145896,62,711,0.37599153886832365,1,62,22.93548387096774,54,True,True,3,22
50189671,75,350,0.12612612612612611,3,68,9.333333333333334,24,True,True,5,38
51694885,196,2927,0.1531658817373103,1,196,29.867346938775512,110,True,True,7,31
51775432,89,354,0.09039836567926456,1,89,7.955056179775281,36,True,True,1,15
521489919,56,113,0.07337662337662337,2,54,4.035714285714286,22,True,True,2,2
52330027,162,4234,0.3246683536538609,2,160,52.27160493827161,126,True,True,2,42
52405864,158,2755,0.222123679754898,2,156,34.87341772151899,97,True,True,2,18
52442002,88,872,0.2277951933124347,1,88,19.818181818181817,81,True,True,2,22
52498113,228,1956,0.07558543936934849,1,228,17.157894736842106,85,True,True,2,13
52772629,214,1710,0.07502961695406081,2,212,15.981308411214954,79,True,True,1,4
528575851,82,1136,0.342065642878651,1,82,27.70731707317073,68,True,True,20,3
53235381,28,178,0.4708994708994709,1,28,12.714285714285714,24,True,True,1,1
532617990,19,52,0.30409356725146197,1,19,5.473684210526316,10,True,True,2,13
53685618,163,1525,0.11550405210936908,2,161,18.711656441717793,85,True,True,2,21
54107218,193,2354,0.1270509499136442,1,193,24.39378238341969,97,True,True,4,10
54168315,61,282,0.1540983606557377,1,61,9.245901639344263,30,True,True,4,45
54178513,116,782,0.11724137931034483,2,114,13.482758620689655,60,True,True,4,65
54226675,102,953,0.1850126189089497,1,102,18.686274509803923,92,True,True,2,73
54331626,41,170,0.2073170731707317,1,41,8.292682926829269,27,True,True,2,14
54460963,94,781,0.17867764813543813,1,94,16.617021276595743,51,True,True,2,28
54695584,105,957,0.17527472527472526,1,105,18.228571428571428,53,True,True,7,88
5471892,180,1491,0.0925512104283054,1,180,16.566666666666666,61,True,True,8,58
54791004,80,710,0.22468354430379747,1,80,17.75,46,True,True,3,10
549089429,14,80,0.8791208791208791,1,14,11.428571428571429,13,True,True,1,10
55019615,230,5179,0.19665843933928231,1,230,45.03478260869565,141,True,True,2,12
5506012,87,539,0.14407912322908314,2,84,12.39080459770115,44,True,True,3,10
5539522,200,1760,0.08844221105527639,1,200,17.6,63,True,True,2,5
55928029,82,579,0.17434507678410116,3,70,14.121951219512194,44,True,False,0,0
5747502,64,549,0.27232142857142855,1,64,17.15625,38,True,True,4,36
5773532,101,841,0.16653465346534654,1,101,16.653465346534652,35,True,True,2,20
5774432,129,2186,0.26477713178294576,1,129,33.89147286821706,92,True,True,2,5
57828817,183,3417,0.20518825436858223,1,183,37.34426229508197,147,True,True,2,56
58427526,239,6996,0.24598291199324918,1,239,58.54393305439331,152,True,True,2,14
58525541,14,75,0.8241758241758241,1,14,10.714285714285714,13,True,False,0,0
58641627,228,1468,0.05672772238967463,1,228,12.87719298245614,88,True,True,2,7
5868402,93,1372,0.32071061243571763,1,93,29.50537634408602,82,True,True,2,6
58930815,188,2203,0.12532711343725111,1,188,23.43617021276596,99,True,True,4,41
59359628,136,747,0.08137254901960785,1,136,10.985294117647058,39,True,True,1,2
59588845,179,2049,0.1286171615090076,1,179,22.893854748603353,107,True,True,5,53
59676554,139,708,0.07381920550516109,1,139,10.18705035971223,35,True,True,2,17
6018292,96,367,0.08048245614035088,2,94,7.645833333333333,29,True,True,3,8
61086747,191,3537,0.19492973270873518,1,191,37.03664921465968,132,True,True,2,18
61158706,55,272,0.18316498316498317,1,55,9.89090909090909,25,True,True,3,11
612473,76,934,0.327719298245614,1,76,24.57894736842105,62,True,True,10,75
61311054,143,1502,0.14793657047178174,1,143,21.006993006993007,72,True,True,8,117
613313,88,704,0.1839080459770115,1,88,16.0,53,True,True,2,5
6165372,205,1672,0.07996174079387852,1,205,16.31219512195122,69,True,True,2,11
61781462,23,106,0.4189723320158103,1,23,9.217391304347826,17,True,True,3,15
61890555,33,106,0.20075757575757575,1,33,6.424242424242424,21,True,True,3,5
623623,106,438,0.07870619946091645,2,101,8.264150943396226,38,True,True,2,20
6253282,29,307,0.7561576354679803,1,29,21.17241379310345,28,True,True,2,17
62609430,45,550,0.5555555555555556,1,45,24.444444444444443,43,True,True,1,1
62740714,42,389,0.4518002322880372,1,42,18.523809523809526,37,True,True,2,9
62759402,117,1617,0.2382847038019452,1,117,27.641025641025642,98,True,True,2,23
6297852,205,2388,0.11420373027259684,1,205,23.297560975609755,82,True,True,4,5
62985251,230,3518,0.13358648186823618,1,230,30.591304347826085,132,True,True,2,8
629863,159,796,0.06337075073640634,1,159,10.0125786163522,37,True,True,7,93
63084853,54,626,0.43745632424877706,2,52,23.185185185185187,43,True,True,4,4
63207451,212,6517,0.2913797728695341,2,210,61.4811320754717,154,True,True,2,114
6351572,198,2210,0.11331590011793058,1,198,22.32323232323232,91,True,True,1,22
63787760,166,3610,0.26359985396129976,1,166,43.493975903614455,128,True,True,3,8
6408382,151,2352,0.20768211920529803,1,151,31.1523178807947,94,True,True,3,25
64253854,36,61,0.09682539682539683,2,23,3.388888888888889,8,True,True,3,37
64441390,148,789,0.07253171538885825,1,148,10.662162162162161,46,True,True,5,68
64496469,41,279,0.3402439024390244,1,41,13.609756097560975,31,True,True,2,6
64508047,68,857,0.3762071992976295,1,68,25.205882352941178,62,True,True,7,56
64619842,171,2109,0.1450980392156863,1,171,24.666666666666668,78,True,True,2,32
64931560,196,3703,0.19377289377289378,1,196,37.785714285714285,102,True,True,3,31
65185224,104,610,0.11389096340552651,1,104,11.73076923076923,64,True,True,4,15
65357070,180,825,0.051210428305400374,1,180,9.166666666666666,88,True,False,0,0
65360846,64,308,0.1527777777777778,1,64,9.625,27,True,True,5,18
66100530,35,102,0.17142857142857143,2,33,5.828571428571428,17,True,True,2,6
66136244,133,2163,0.24641148325358853,1,133,32.526315789473685,81,True,True,2,25
66185823,99,1232,0.25396825396825395,1,99,24.88888888888889,71,True,True,4,22
6650612,40,70,0.08974358974358974,2,26,3.5,12,True,True,2,3
66761133,171,3023,0.20798073615411078,3,167,35.35672514619883,96,True,True,6,91
66804457,88,219,0.05721003134796238,1,88,4.9772727272727275,36,True,True,3,60
66841215,83,357,0.10490743461651483,2,81,8.602409638554217,23,True,True,4,39
67378554,90,1525,0.3807740324594257,1,90,33.888888888888886,86,True,True,3,60
68179571,37,169,0.25375375375375375,3,31,9.135135135135135,21,True,True,2,8
68257605,114,1253,0.19453501009160068,3,108,21.982456140350877,64,True,True,2,12
68480165,45,144,0.14545454545454545,1,45,6.4,17,True,True,1,1
68732646,199,1235,0.06268717323993706,1,199,12.412060301507537,69,True,True,4,24
69049114,173,3043,0.20453017878747143,2,171,35.179190751445084,95,True,True,6,76
69193714,232,1632,0.06090461262875056,2,230,14.068965517241379,74,True,True,3,69
69548480,159,3105,0.2471936947695247,1,159,39.056603773584904,130,True,True,3,8
69624952,89,569,0.14530132788559755,1,89,12.786516853932584,41,True,True,3,5
70123665,93,751,0.17554932211313698,1,93,16.150537634408604,55,True,True,2,5
70160230,89,1405,0.35878447395301327,1,89,31.573033707865168,87,True,True,3,36
70492333,90,755,0.18851435705368288,1,90,16.77777777777778,52,True,True,4,17
70620846,70,516,0.21366459627329193,1,70,14.742857142857142,39,True,True,2,17
7098022,97,591,0.12693298969072164,2,94,12.185567010309278,40,True,True,1,1
71091272,26,67,0.20615384615384616,3,21,5.153846153846154,12,True,True,1,4
7144422,18,79,0.5163398692810458,1,18,8.777777777777779,15,True,True,1,4
72339761,140,2649,0.2722507708119219,1,140,37.84285714285714,95,True,True,3,26
73024519,181,3076,0.18882750153468386,1,181,33.988950276243095,117,True,True,5,19
73025843,161,1414,0.10978260869565218,2,157,17.565217391304348,72,True,True,9,69
73298877,49,96,0.08163265306122448,6,36,3.9183673469387754,10,True,True,2,14
73443014,84,811,0.23264486517498564,1,84,19.30952380952381,54,True,True,2,22
734493,9,34,0.9444444444444444,1,9,7.555555555555555,8,True,False,0,0
73707412,209,2972,0.13673168936326832,1,209,28.440191387559807,98,True,True,2,28
73738774,79,704,0.22849724115546902,1,79,17.82278481012658,58,True,True,5,30
742143,57,577,0.36152882205513787,1,57,20.24561403508772,55,True,True,3,34
7424642,34,391,0.696969696969697,1,34,23.0,32,True,True,6,30
74264908,65,384,0.18461538461538463,5,49,11.815384615384616,33,True,True,3,18
745823,242,4372,0.14992627138987002,1,242,36.13223140495868,128,True,True,12,180
74651704,239,5402,0.18993706269118527,1,239,45.20502092050209,152,True,True,7,221
7517222,144,3821,0.3711149961149961,1,144,53.06944444444444,126,True,True,17,138
75321229,92,380,0.09077878643096035,2,90,8.26086956521739,40,True,True,2,4
75343905,114,345,0.053563111318118306,4,107,6.052631578947368,30,True,True,4,10
75370828,177,2848,0.18284540318438625,2,170,32.18079096045198,112,True,True,5,130
759679,115,547,0.08344774980930587,1,115,9.513043478260869,46,True,True,2,11
7668362,244,2722,0.09181677123389327,1,244,22.311475409836067,121,True,True,2,23
7670202,98,1318,0.2772985482852935,1,98,26.897959183673468,67,True,True,4,62
7682452,220,4032,0.16737235367372352,1,220,36.654545454545456,99,True,True,13,54
77404713,202,1801,0.08871484163341707,1,202,17.831683168316832,74,True,True,3,25
77843323,87,988,0.2641005078855921,1,87,22.71264367816092,53,True,True,8,31
778446,187,2174,0.12500718762578344,1,187,23.25133689839572,113,True,True,10,111
779715,183,2564,0.15396625232690805,1,183,28.02185792349727,121,True,True,12,86
78138151,57,648,0.40601503759398494,1,57,22.736842105263158,52,True,True,2,22
78391198,102,517,0.10036886041545331,1,102,10.137254901960784,48,True,True,2,2
7861312,220,3443,0.14292237442922373,1,220,31.3,118,True,True,6,44
7875912,177,3808,0.24447868515665125,1,177,43.02824858757062,122,True,True,4,53
78813,231,2256,0.08492377188029362,2,229,19.532467532467532,95,True,True,2,26
7888452,120,934,0.130812324929972,2,118,15.566666666666666,60,True,True,9,84
7890392,238,3106,0.11013012800056732,2,236,26.100840336134453,77,True,True,2,3
789071,138,834,0.08822596001269438,1,138,12.08695652173913,45,True,True,2,5
78944566,230,3991,0.1515473704195937,3,226,34.70434782608696,100,True,True,3,93
790205,216,3866,0.1664944013781223,1,216,35.7962962962963,115,True,True,1,5
79797834,235,3204,0.11653027823240589,1,235,27.26808510638298,108,True,True,12,102
80297299,79,1137,0.36903602726387535,1,79,28.78481012658228,73,True,True,6,55
80317145,206,1554,0.07359696897939853,1,206,15.087378640776699,70,True,True,2,24
80479756,84,464,0.13310384394721744,1,84,11.047619047619047,42,True,True,1,7
80660928,120,2213,0.3099439775910364,1,120,36.88333333333333,101,True,True,7,56
80681990,166,2747,0.20058415480102226,1,166,33.096385542168676,102,True,True,9,60
80688804,122,531,0.07194147134534616,1,122,8.704918032786885,62,True,True,4,7
8079892,140,2111,0.2169578622816033,1,140,30.15714285714286,85,True,True,1,58
809864,235,2612,0.0949990907437716,1,235,22.229787234042554,92,True,True,2,21
81938351,109,454,0.07713217804960924,3,104,8.330275229357799,32,True,True,2,12
819800,91,1617,0.39487179487179486,1,91,35.53846153846154,86,True,True,10,63
82726142,126,995,0.12634920634920635,1,126,15.793650793650794,67,True,True,4,28
83048001,90,523,0.13058676654182272,1,90,11.622222222222222,46,True,True,3,14
83285096,148,2030,0.1866151866151866,3,142,27.43243243243243,84,True,True,1,6
83478370,113,817,0.1291087231352718,2,111,14.460176991150442,58,True,True,1,2
83883736,78,720,0.23976023976023977,1,78,18.46153846153846,44,True,True,3,67
84114921,32,188,0.3790322580645161,1,32,11.75,19,True,True,3,16
84473837,172,1641,0.11158710730314157,1,172,19.08139534883721,91,True,True,5,81
85432934,137,2247,0.24119793902962644,2,135,32.802919708029194,107,True,True,2,25
85716069,195,3898,0.20607983082209885,1,195,39.97948717948718,146,True,True,5,14
86560711,238,2660,0.09431620749565649,1,238,22.352941176470587,72,True,True,2,1
86664924,48,307,0.2721631205673759,1,48,12.791666666666666,27,True,False,0,0
86775971,154,3878,0.32917409387997626,2,152,50.36363636363637,120,True,True,1,1
86799233,65,420,0.20192307692307693,1,65,12.923076923076923,48,True,True,2,4
87004822,82,495,0.14905149051490515,1,82,12.073170731707316,41,True,True,5,77
87114066,117,1520,0.22399056881815502,1,117,25.982905982905983,75,True,True,6,69
87525002,227,2602,0.10143854040778137,1,227,22.92511013215859,136,True,True,2,16
8768832,129,621,0.07521802325581395,1,129,9.627906976744185,35,True,True,1,3
87771546,78,747,0.24875124875124874,1,78,19.153846153846153,45,True,True,2,7
87798068,213,3072,0.13606165293648684,1,213,28.845070422535212,117,True,True,2,24
88456842,222,3858,0.15727039256451023,1,222,34.75675675675676,114,True,True,3,94
88639412,239,2528,0.08888576351042508,1,239,21.15481171548117,86,True,True,4,125
88931752,75,165,0.05945945945945946,1,75,4.4,13,True,True,7,74
89032548,230,2702,0.10260110119612682,1,230,23.495652173913044,87,True,True,2,12
8914942,236,4121,0.14861161197259287,1,236,34.92372881355932,152,True,True,2,21
89826562,216,6732,0.289922480620155,1,216,62.333333333333336,151,True,True,2,27
90072587,129,1217,0.14740794573643412,1,129,18.868217054263567,67,True,True,2,4
90880254,11,28,0.509090909090909,1,11,5.090909090909091,9,True,True,2,3
90998968,180,1669,0.10360024829298572,1,180,18.544444444444444,73,True,True,3,31
91067832,180,2804,0.1740533829919305,1,180,31.155555555555555,93,True,True,3,31
9215692,226,1724,0.06780727630285152,3,222,15.256637168141593,80,True,True,3,46
9254272,155,1330,0.11143695014662756,1,155,17.161290322580644,60,True,True,1,7
926981,202,3674,0.18097630658588246,1,202,36.37623762376238,133,True,True,1,1
92715435,66,686,0.3198135198135198,1,66,20.78787878787879,43,True,True,1,10
9298152,182,1647,0.09999392872321049,1,182,18.0989010989011,83,True,True,7,110
93006320,185,3012,0.17696827262044654,1,185,32.56216216216216,112,True,True,8,89
93787797,188,2590,0.14734326999658665,1,188,27.5531914893617,111,True,True,4,22
93906304,125,1214,0.15664516129032258,1,125,19.424,91,True,True,6,38
93998005,111,1120,0.18345618345618345,1,111,20.18018018018018,83,True,True,3,11
94147192,91,375,0.09157509157509157,3,87,8.241758241758241,36,True,True,12,17
94480069,159,3778,0.3007722315102301,1,159,47.522012578616355,123,True,True,2,16
9460682,88,1432,0.37408568443051204,1,88,32.54545454545455,84,True,True,3,67
94915681,181,1236,0.07587476979742173,2,179,13.657458563535911,44,True,True,1,1
9524062,143,2204,0.21707869595193538,1,143,30.825174825174827,88,True,True,6,56
96483973,232,4141,0.1545379907448873,1,232,35.69827586206897,115,True,True,2,20
96545499,13,29,0.3717948717948718,1,13,4.461538461538462,8,True,True,2,3
96843721,136,1783,0.19422657952069716,2,134,26.220588235294116,79,True,True,4,18
96907622,187,4649,0.26732217813811743,2,183,49.72192513368984,157,True,True,2,8
98345808,32,81,0.16330645161290322,2,27,5.0625,15,True,False,0,0
9855382,15,50,0.47619047619047616,1,15,6.666666666666667,12,True,True,1,1
98633794,141,1783,0.18064842958459978,1,141,25.29078014184397,81,True,True,5,33
98801140,5,4,0.4,1,5,1.6,3,True,True,2,13
99841247,93,501,0.11711079943899018,1,93,10.774193548387096,43,True,True,57,49
