label,article_id,n_related_tweets,n_unique_tweets,n_replies,n_unique_reply_tweets,engagement_total
0,0,500,500,255,38,755
0,1,2,2,1,1,3
0,2,2,2,0,0,2
0,3,1,1,0,0,1
0,4,1,1,0,0,1
0,5,7,7,0,0,7
0,6,21,21,1,1,22
0,7,1,1,0,0,1
0,8,6,6,1,1,7
0,9,2,2,0,0,2
0,10,1,1,0,0,1
0,11,15,15,0,0,15
0,12,13,13,4,2,17
0,14,3,3,0,0,3
0,16,3,3,0,0,3
0,17,2,2,1,1,3
0,19,19,19,0,0,19
0,20,1,1,0,0,1
0,22,1,1,0,0,1
0,23,5,5,0,0,5
0,24,12,12,4,3,16
0,25,32,32,2,2,34
0,26,1,1,0,0,1
0,27,7,7,0,0,7
0,28,2,2,2,1,4
0,30,8,8,1,1,9
0,31,5,5,0,0,5
0,32,4,4,1,1,5
0,33,17,17,21,4,38
0,34,3,3,0,0,3
0,35,3,3,0,0,3
0,36,23,23,19,1,42
0,37,3,3,0,0,3
0,38,18,18,0,0,18
0,39,4,4,1,1,5
0,40,11,11,2,1,13
0,41,5,5,1,1,6
0,42,16,16,1,1,17
0,43,7,7,0,0,7
0,44,21,21,0,0,21
0,45,16,16,0,0,16
0,46,12,12,0,0,12
0,47,5,5,0,0,5
0,48,4,4,3,1,7
0,49,35,35,3,2,38
0,50,9,9,0,0,9
0,51,1,1,0,0,1
0,52,6,6,0,0,6
0,53,2,2,0,0,2
0,54,15,15,0,0,15
0,55,3,3,0,0,3
0,56,5,5,0,0,5
0,57,27,27,6,2,33
0,58,2,2,0,0,2
0,59,1,1,0,0,1
0,60,4,4,1,1,5
0,61,42,42,2,1,44
0,62,3,3,5,1,8
0,63,8,8,0,0,8
0,64,11,11,0,0,11
0,65,1,1,0,0,1
0,66,4,4,0,0,4
0,68,8,8,0,0,8
0,69,8,8,0,0,8
0,70,11,11,6,3,17
0,71,20,20,6,3,26
0,72,8,8,0,0,8
0,73,4,4,0,0,4
0,74,13,13,0,0,13
0,75,27,27,7,3,34
0,76,14,14,0,0,14
0,77,23,23,1,1,24
0,78,15,15,0,0,15
0,79,7,7,0,0,7
0,80,12,12,0,0,12
0,81,2,2,0,0,2
0,82,3,3,0,0,3
0,83,3,3,0,0,3
0,84,8,8,0,0,8
0,85,7,7,0,0,7
0,86,8,8,0,0,8
0,87,7,7,1,1,8
0,88,2,2,0,0,2
0,89,7,7,0,0,7
0,90,25,25,0,0,25
0,91,16,16,3,3,19
0,92,8,8,2,1,10
0,93,49,49,15,2,64
0,94,17,17,8,1,25
0,95,3,3,0,0,3
0,96,33,33,2,1,35
0,97,3,3,0,0,3
0,99,32,32,0,0,32
0,100,4,4,0,0,4
0,101,14,14,1,1,15
0,102,12,12,1,1,13
0,103,9,9,1,1,10
0,105,11,11,4,1,15
0,106,4,4,0,0,4
0,107,5,5,0,0,5
0,108,32,32,2,1,34
0,109,1,1,0,0,1
0,110,2,2,0,0,2
0,111,2,2,0,0,2
0,112,5,5,1,1,6
0,113,10,10,3,1,13
0,114,41,41,27,2,68
0,115,28,28,0,0,28
0,116,12,12,0,0,12
0,117,10,10,16,4,26
0,118,5,5,0,0,5
0,119,4,4,0,0,4
0,120,37,37,6,5,43
0,121,15,15,0,0,15
0,122,4,4,0,0,4
0,123,36,36,1,1,37
0,124,8,8,0,0,8
0,125,23,23,0,0,23
0,126,7,7,0,0,7
0,127,18,18,9,2,27
0,128,48,48,3,3,51
0,130,3,3,0,0,3
0,131,1,1,0,0,1
0,132,1,1,0,0,1
0,133,8,8,2,1,10
0,134,17,17,0,0,17
0,135,10,10,29,2,39
0,137,8,8,0,0,8
0,138,111,111,19,10,130
0,139,9,9,0,0,9
0,140,3,3,0,0,3
0,141,3,3,0,0,3
0,142,59,59,2,1,61
0,143,5,5,0,0,5
0,144,17,17,5,3,22
0,145,5,5,0,0,5
0,146,6,6,1,1,7
0,147,16,16,0,0,16
0,148,21,21,48,1,69
0,149,1,1,0,0,1
0,150,2,2,0,0,2
0,151,22,22,2,1,24
0,152,9,9,0,0,9
0,153,13,13,2,1,15
0,154,25,25,1,1,26
0,155,50,50,0,0,50
0,156,8,8,0,0,8
0,157,9,9,0,0,9
0,158,5,5,14,3,19
0,159,19,19,0,0,19
0,160,56,56,0,0,56
0,161,1,1,0,0,1
0,162,17,17,0,0,17
0,163,74,74,5,2,79
0,164,1,1,0,0,1
0,165,52,52,6,4,58
0,166,47,47,2,2,49
0,167,20,20,3,2,23
0,168,6,6,0,0,6
0,169,13,13,1,1,14
0,170,5,5,1,1,6
0,171,13,13,4,1,17
0,172,16,16,0,0,16
0,173,15,15,0,0,15
0,174,9,9,0,0,9
0,175,2,2,0,0,2
0,176,10,10,0,0,10
0,177,4,4,0,0,4
0,178,3,3,0,0,3
0,179,2,2,1,1,3
0,180,7,7,0,0,7
0,183,33,33,3,2,36
0,184,8,8,0,0,8
0,185,15,15,0,0,15
0,186,14,14,0,0,14
0,187,175,175,61,20,236
0,188,15,15,0,0,15
0,189,19,19,0,0,19
0,190,94,94,7,6,101
0,191,136,136,19,9,155
0,192,58,58,3,3,61
0,193,23,23,0,0,23
0,194,30,30,0,0,30
0,195,112,112,6,5,118
0,196,77,77,10,7,87
0,197,76,76,1,1,77
0,198,367,367,60,25,427
0,199,84,84,27,1,111
0,200,16,16,1,1,17
0,201,24,24,0,0,24
0,202,433,433,26,14,459
0,203,500,500,52,26,552
0,204,26,26,21,1,47
0,205,31,31,0,0,31
0,206,38,38,4,2,42
0,207,36,36,4,2,40
0,208,29,29,2,1,31
0,209,87,87,0,0,87
0,210,206,206,19,9,225
0,211,111,111,13,8,124
0,212,43,43,0,0,43
0,213,40,40,0,0,40
0,214,8,8,0,0,8
0,215,48,48,5,2,53
0,216,55,55,13,7,68
0,217,48,48,3,2,51
0,218,27,27,0,0,27
0,219,35,35,0,0,35
0,220,84,84,2,2,86
0,221,71,71,8,4,79
0,222,265,265,253,69,518
0,223,500,500,194,48,694
0,224,198,198,24,12,222
0,225,211,211,55,11,266
0,226,56,56,58,8,114
0,227,50,50,0,0,50
0,228,48,48,1,1,49
0,229,33,33,2,1,35
0,230,78,78,14,4,92
0,231,131,131,14,7,145
0,232,31,31,0,0,31
0,233,58,58,2,2,60
0,234,61,61,1,1,62
0,235,48,48,1,1,49
0,236,85,85,7,3,92
0,237,70,70,14,8,84
0,238,25,25,2,1,27
0,239,10,10,2,2,12
0,240,500,500,511,89,1011
0,241,38,38,1,1,39
0,242,27,27,2,2,29
0,243,88,88,18,7,106
0,244,68,68,1,1,69
0,245,24,24,0,0,24
0,246,89,89,25,23,114
0,247,51,51,12,3,63
0,248,32,32,0,0,32
0,249,22,22,1,1,23
0,250,49,49,0,0,49
0,251,85,85,3,2,88
0,252,28,28,0,0,28
0,253,8,8,6,1,14
0,254,30,30,1,1,31
0,255,16,16,0,0,16
0,256,21,21,0,0,21
0,257,26,26,2,1,28
0,258,85,85,35,3,120
0,259,77,77,89,8,166
0,260,33,33,2,2,35
0,261,38,38,1,1,39
0,262,45,45,9,3,54
0,263,46,46,1,1,47
0,264,15,15,0,0,15
0,265,15,15,1,1,16
0,266,22,22,2,2,24
0,267,7,7,0,0,7
0,268,6,6,0,0,6
0,269,38,38,13,4,51
0,270,2,2,0,0,2
0,271,3,3,0,0,3
0,272,1,1,0,0,1
0,274,359,359,143,49,502
0,276,54,54,8,2,62
0,277,110,110,12,7,122
0,278,175,175,14,1,189
0,279,26,26,3,1,29
0,280,111,111,46,4,157
0,281,154,154,22,12,176
0,282,473,473,97,47,570
0,283,156,156,66,22,222
0,284,44,44,6,2,50
0,285,58,58,20,6,78
0,286,57,57,7,4,64
0,287,57,57,21,4,78
0,288,500,500,1,1,501
0,289,500,500,34,17,534
0,290,35,35,7,2,42
0,291,85,85,0,0,85
0,292,370,370,126,31,496
0,293,88,88,9,4,97
0,294,37,37,0,0,37
0,295,12,12,0,0,12
0,296,11,11,4,2,15
0,297,3,3,2,1,5
0,298,4,4,0,0,4
0,299,3,3,0,0,3
0,300,1,1,0,0,1
0,301,9,9,0,0,9
0,302,9,9,3,1,12
0,303,9,9,0,0,9
0,304,22,22,0,0,22
0,305,11,11,0,0,11
0,306,11,11,13,2,24
0,307,6,6,0,0,6
0,308,9,9,0,0,9
0,309,11,11,0,0,11
0,310,11,11,0,0,11
0,311,4,4,0,0,4
0,312,10,10,0,0,10
0,313,3,3,0,0,3
0,314,1,1,0,0,1
0,315,52,52,13,9,65
0,317,5,5,0,0,5
0,318,1,1,0,0,1
0,319,2,2,0,0,2
0,320,3,3,0,0,3
0,321,16,16,20,6,36
0,322,11,11,1,1,12
0,323,3,3,0,0,3
0,324,17,17,0,0,17
0,325,500,500,1675,250,2175
0,326,7,7,0,0,7
0,327,6,6,0,0,6
0,328,2,2,2,1,4
0,329,2,2,0,0,2
0,330,14,14,1,1,15
0,331,11,11,0,0,11
0,334,4,4,5,1,9
0,335,2,2,0,0,2
0,336,1,1,0,0,1
0,337,15,15,3,1,18
0,338,7,7,0,0,7
0,340,5,5,0,0,5
0,341,9,9,0,0,9
0,342,2,2,0,0,2
0,344,12,12,0,0,12
0,345,4,4,0,0,4
0,346,4,4,0,0,4
0,347,27,27,1,1,28
0,348,29,29,2,2,31
0,349,23,23,1,1,24
0,350,5,5,0,0,5
0,352,18,18,25,4,43
0,353,50,50,1,1,51
0,354,197,197,193,33,390
0,355,105,105,192,27,297
0,356,30,30,1,1,31
0,357,6,6,7,2,13
0,358,15,15,2,1,17
0,359,3,3,0,0,3
0,360,39,39,1,1,40
0,361,10,10,0,0,10
0,363,4,4,0,0,4
0,364,3,3,0,0,3
0,365,9,9,35,2,44
0,366,2,2,0,0,2
0,367,1,1,0,0,1
0,368,3,3,1,1,4
0,369,11,11,0,0,11
0,370,33,33,0,0,33
0,371,26,26,11,2,37
0,372,55,55,45,11,100
0,373,49,49,1,1,50
0,374,15,15,1,1,16
0,375,1,1,0,0,1
0,376,20,20,4,2,24
0,377,68,68,66,10,134
0,378,10,10,0,0,10
0,379,109,109,36,9,145
0,380,14,14,10,1,24
0,381,2,2,1,1,3
0,382,6,6,0,0,6
0,383,5,5,3,1,8
0,384,8,8,0,0,8
0,385,16,16,0,0,16
0,386,17,17,0,0,17
0,387,1,1,0,0,1
0,388,9,9,5,3,14
0,389,8,8,0,0,8
0,390,12,12,0,0,12
0,391,3,3,2,1,5
0,392,500,500,60,12,560
0,393,10,10,5,3,15
0,394,9,9,0,0,9
0,396,10,10,3,1,13
0,397,1,1,0,0,1
0,398,24,24,7,2,31
0,399,5,5,0,0,5
0,400,8,8,1,1,9
0,401,18,18,1,1,19
0,402,8,8,0,0,8
0,403,1,1,0,0,1
0,405,5,5,0,0,5
0,406,12,12,0,0,12
0,407,6,6,0,0,6
0,408,6,6,1,1,7
0,409,6,6,0,0,6
0,410,7,7,0,0,7
0,411,6,6,0,0,6
0,412,13,13,2,1,15
0,413,4,4,0,0,4
0,414,7,7,7,3,14
0,415,272,272,46,21,318
0,417,26,26,0,0,26
0,418,5,5,0,0,5
0,419,2,2,0,0,2
0,420,8,8,0,0,8
0,421,28,28,44,5,72
0,422,3,3,0,0,3
0,423,15,15,0,0,15
0,424,12,12,0,0,12
0,425,10,10,0,0,10
0,426,2,2,0,0,2
0,427,10,10,3,1,13
0,428,90,90,85,19,175
0,429,10,10,3,1,13
0,430,43,43,6,3,49
0,431,29,29,2,1,31
0,432,23,23,0,0,23
0,433,7,7,0,0,7
0,435,44,44,6,3,50
0,436,1,1,0,0,1
0,437,16,16,1,1,17
0,438,2,2,0,0,2
0,439,14,14,0,0,14
0,440,17,17,0,0,17
0,441,20,20,4,1,24
0,442,9,9,0,0,9
0,443,1,1,0,0,1
0,444,6,6,0,0,6
0,446,31,31,0,0,31
0,447,5,5,0,0,5
0,448,15,15,0,0,15
0,449,6,6,17,1,23
0,450,1,1,0,0,1
0,451,9,9,0,0,9
0,452,4,4,0,0,4
0,453,24,24,0,0,24
0,454,252,252,39,19,291
0,455,35,35,4,2,39
0,456,3,3,0,0,3
0,457,24,24,6,1,30
0,458,1,1,0,0,1
0,460,10,10,2,2,12
0,461,17,17,0,0,17
0,462,1,1,0,0,1
0,463,5,5,0,0,5
0,464,6,6,0,0,6
0,466,1,1,0,0,1
0,467,1,1,0,0,1
0,468,5,5,3,1,8
0,469,8,8,0,0,8
0,470,1,1,0,0,1
0,471,4,4,0,0,4
0,472,5,5,5,2,10
0,473,1,1,0,0,1
0,474,1,1,0,0,1
0,475,7,7,0,0,7
0,476,4,4,0,0,4
0,477,9,9,0,0,9
0,478,2,2,0,0,2
0,479,1,1,0,0,1
0,480,3,3,0,0,3
0,481,2,2,0,0,2
0,482,3,3,0,0,3
0,483,7,7,0,0,7
0,484,118,118,21,6,139
0,485,1,1,0,0,1
0,486,14,14,0,0,14
0,487,1,1,0,0,1
0,488,4,4,0,0,4
0,489,11,11,0,0,11
0,490,3,3,0,0,3
0,491,1,1,0,0,1
0,492,4,4,0,0,4
0,493,2,2,0,0,2
0,494,59,59,49,5,108
0,498,7,7,0,0,7
0,499,8,8,1,1,9
0,500,2,2,0,0,2
0,501,1,1,0,0,1
0,502,3,3,1,1,4
0,504,500,500,482,101,982
0,505,3,3,0,0,3
0,506,1,1,0,0,1
0,507,3,3,0,0,3
0,509,4,4,0,0,4
0,510,11,11,0,0,11
0,511,41,41,6,3,47
0,512,1,1,0,0,1
0,513,8,8,10,2,18
0,514,3,3,0,0,3
0,515,9,9,1,1,10
0,516,7,7,0,0,7
0,517,1,1,2,1,3
0,518,5,5,0,0,5
0,521,8,8,0,0,8
0,522,8,8,0,0,8
0,523,9,9,0,0,9
0,524,7,7,0,0,7
0,525,8,8,0,0,8
0,526,5,5,0,0,5
0,527,4,4,0,0,4
0,528,5,5,0,0,5
0,530,16,16,0,0,16
0,531,8,8,0,0,8
0,532,6,6,4,1,10
0,533,14,14,0,0,14
0,534,3,3,0,0,3
0,536,7,7,0,0,7
0,537,15,15,0,0,15
0,538,1,1,0,0,1
0,539,5,5,0,0,5
0,540,8,8,0,0,8
0,541,6,6,0,0,6
0,542,18,18,0,0,18
0,543,5,5,0,0,5
0,544,23,23,0,0,23
0,545,17,17,0,0,17
0,546,3,3,0,0,3
0,547,6,6,0,0,6
0,548,15,15,0,0,15
0,549,89,89,16,6,105
0,550,5,5,0,0,5
0,551,32,32,3,2,35
0,552,1,1,0,0,1
0,553,29,29,0,0,29
0,554,19,19,0,0,19
0,555,29,29,0,0,29
0,556,40,40,11,4,51
0,557,348,348,917,99,1265
0,560,8,8,0,0,8
0,561,12,12,0,0,12
0,562,65,65,16,4,81
0,563,17,17,0,0,17
0,564,11,11,0,0,11
0,565,19,19,0,0,19
0,566,4,4,0,0,4
0,567,29,29,0,0,29
0,568,5,5,0,0,5
0,569,21,21,0,0,21
0,570,26,26,0,0,26
0,571,19,19,0,0,19
0,573,30,30,0,0,30
0,574,16,16,0,0,16
0,575,6,6,0,0,6
0,576,21,21,2,2,23
0,577,28,28,0,0,28
0,578,4,4,0,0,4
0,579,15,15,11,1,26
0,580,6,6,0,0,6
0,581,2,2,0,0,2
0,582,20,20,0,0,20
0,583,34,34,1,1,35
0,584,7,7,0,0,7
0,585,6,6,0,0,6
0,586,30,30,0,0,30
0,587,2,2,0,0,2
0,588,26,26,5,3,31
0,589,20,20,2,1,22
0,590,27,27,0,0,27
0,592,130,130,20,5,150
0,593,4,4,2,1,6
0,594,29,29,0,0,29
0,595,29,29,0,0,29
0,596,29,29,0,0,29
0,597,16,16,0,0,16
0,598,4,4,0,0,4
0,599,2,2,0,0,2
0,600,111,111,28,9,139
0,601,4,4,0,0,4
0,602,19,19,1,1,20
0,603,16,16,0,0,16
0,604,8,8,0,0,8
0,605,13,13,0,0,13
0,606,21,21,0,0,21
0,607,6,6,0,0,6
0,608,7,7,0,0,7
0,609,12,12,0,0,12
0,610,10,10,1,1,11
0,611,29,29,1,1,30
0,612,4,4,0,0,4
0,614,2,2,0,0,2
0,615,48,48,0,0,48
0,616,36,36,0,0,36
0,617,16,16,0,0,16
0,618,20,20,0,0,20
0,619,13,13,0,0,13
0,620,4,4,0,0,4
0,621,15,15,0,0,15
0,622,26,26,0,0,26
0,623,15,15,0,0,15
0,624,25,25,0,0,25
0,625,49,49,39,10,88
0,626,4,4,0,0,4
0,627,152,152,18,7,170
0,628,2,2,0,0,2
0,629,168,168,40,14,208
0,630,2,2,0,0,2
0,633,24,24,0,0,24
0,634,9,9,0,0,9
0,635,3,3,0,0,3
0,636,8,8,0,0,8
0,637,18,18,2,1,20
0,639,35,35,0,0,35
0,640,22,22,0,0,22
0,641,17,17,0,0,17
0,642,2,2,0,0,2
0,644,83,83,5,5,88
0,645,38,38,3,3,41
0,646,23,23,1,1,24
0,647,9,9,4,3,13
0,649,34,34,0,0,34
0,650,49,49,2,1,51
0,651,28,28,0,0,28
0,652,18,18,1,1,19
0,653,11,11,0,0,11
0,654,20,20,0,0,20
0,655,14,14,0,0,14
0,656,31,31,1,1,32
0,657,100,100,137,10,237
0,658,13,13,0,0,13
0,659,31,31,0,0,31
0,660,17,17,0,0,17
0,661,1,1,0,0,1
0,662,19,19,0,0,19
0,663,42,42,1,1,43
0,664,26,26,0,0,26
0,665,11,11,0,0,11
0,666,26,26,0,0,26
0,667,37,37,0,0,37
0,668,18,18,0,0,18
0,669,8,8,0,0,8
0,670,20,20,0,0,20
0,671,15,15,1,1,16
0,672,28,28,2,2,30
0,673,13,13,0,0,13
0,674,320,320,63,27,383
0,675,77,77,1,1,78
0,676,21,21,0,0,21
0,677,500,500,285,100,785
0,678,52,52,67,14,119
0,680,3,3,0,0,3
0,681,43,43,9,3,52
0,682,4,4,0,0,4
0,683,10,10,0,0,10
0,684,11,11,0,0,11
0,685,23,23,0,0,23
0,686,12,12,2,1,14
0,687,135,135,14,6,149
0,688,31,31,1,1,32
0,689,1,1,0,0,1
0,690,34,34,6,2,40
0,691,30,30,1,1,31
0,692,23,23,0,0,23
0,693,52,52,1,1,53
0,694,19,19,0,0,19
0,695,36,36,2,1,38
0,696,17,17,0,0,17
0,697,17,17,0,0,17
0,698,31,31,0,0,31
0,699,11,11,0,0,11
0,700,16,16,0,0,16
0,701,64,64,10,5,74
0,702,24,24,1,1,25
0,703,23,23,1,1,24
0,704,7,7,0,0,7
0,705,27,27,2,1,29
0,706,34,34,7,1,41
0,707,1,1,0,0,1
0,708,6,6,0,0,6
0,709,22,22,0,0,22
0,710,35,35,0,0,35
0,712,1,1,0,0,1
0,713,21,21,1,1,22
0,714,21,21,0,0,21
0,715,76,76,6,3,82
0,716,7,7,18,1,25
0,717,10,10,7,4,17
0,718,29,29,3,1,32
0,719,97,97,37,17,134
0,720,34,34,1,1,35
0,721,4,4,0,0,4
0,722,11,11,0,0,11
0,723,20,20,0,0,20
0,724,7,7,0,0,7
0,725,19,19,0,0,19
0,726,29,29,1,1,30
0,727,13,13,0,0,13
0,728,34,34,0,0,34
0,729,17,17,0,0,17
0,730,44,44,91,11,135
0,731,2,2,0,0,2
0,733,2,2,0,0,2
0,734,39,39,1,1,40
0,735,15,15,1,1,16
0,736,36,36,1,1,37
0,737,30,30,0,0,30
0,738,177,177,84,26,261
0,739,2,2,0,0,2
0,741,37,37,0,0,37
0,742,16,16,0,0,16
0,743,17,17,0,0,17
0,744,20,20,0,0,20
0,745,5,5,0,0,5
0,746,32,32,1,1,33
0,747,17,17,0,0,17
0,748,18,18,0,0,18
0,749,154,154,58,19,212
0,750,27,27,0,0,27
0,751,12,12,0,0,12
0,752,28,28,5,3,33
0,753,498,498,161,47,659
0,754,12,12,0,0,12
0,755,46,46,2,1,48
0,756,10,10,0,0,10
0,757,14,14,0,0,14
0,758,7,7,0,0,7
0,759,31,31,0,0,31
0,760,67,67,5,4,72
0,761,4,4,0,0,4
0,762,18,18,2,1,20
0,763,3,3,0,0,3
0,764,17,17,0,0,17
0,765,22,22,0,0,22
0,766,30,30,0,0,30
0,767,9,9,0,0,9
0,768,17,17,0,0,17
0,769,6,6,0,0,6
0,770,32,32,2,2,34
0,771,17,17,0,0,17
0,772,14,14,0,0,14
0,773,26,26,2,2,28
0,774,21,21,1,1,22
0,775,30,30,0,0,30
0,776,24,24,0,0,24
0,777,14,14,0,0,14
0,778,8,8,1,1,9
0,779,2,2,0,0,2
0,780,57,57,6,2,63
0,781,13,13,0,0,13
0,782,6,6,0,0,6
0,783,141,141,156,34,297
0,784,1,1,0,0,1
0,785,16,16,4,1,20
0,786,3,3,1,1,4
0,787,18,18,0,0,18
0,788,6,6,0,0,6
0,789,13,13,0,0,13
0,790,13,13,0,0,13
0,791,12,12,0,0,12
0,792,24,24,4,3,28
0,793,13,13,0,0,13
0,794,8,8,0,0,8
0,795,21,21,0,0,21
0,796,8,8,0,0,8
0,797,13,13,1,1,14
0,798,6,6,0,0,6
0,799,21,21,0,0,21
0,800,6,6,0,0,6
0,802,16,16,0,0,16
0,803,5,5,0,0,5
0,804,66,66,34,7,100
0,805,95,95,15,7,110
0,806,9,9,0,0,9
0,807,26,26,0,0,26
0,808,6,6,0,0,6
0,809,25,25,1,1,26
0,810,18,18,0,0,18
0,811,11,11,0,0,11
0,812,13,13,0,0,13
0,813,144,144,159,30,303
0,814,24,24,5,3,29
0,816,40,40,2,2,42
0,817,17,17,3,1,20
0,818,31,31,10,2,41
0,819,43,43,2,2,45
0,820,107,107,24,9,131
0,821,36,36,0,0,36
0,822,24,24,2,1,26
0,823,24,24,1,1,25
0,824,41,41,2,1,43
0,825,17,17,0,0,17
0,826,93,93,2,1,95
0,827,23,23,0,0,23
0,828,43,43,2,2,45
0,829,23,23,0,0,23
0,830,10,10,0,0,10
0,831,52,52,16,3,68
0,832,27,27,0,0,27
0,833,66,66,7,4,73
0,834,2,2,0,0,2
0,835,3,3,1,1,4
0,836,1,1,0,0,1
0,837,5,5,0,0,5
0,838,6,6,0,0,6
0,839,107,107,54,12,161
0,840,27,27,0,0,27
0,841,7,7,0,0,7
0,842,47,47,2,2,49
0,843,4,4,0,0,4
0,844,5,5,0,0,5
0,845,28,28,7,3,35
0,846,7,7,0,0,7
0,847,15,15,16,6,31
0,848,37,37,3,2,40
0,849,3,3,0,0,3
0,850,29,29,1,1,30
0,851,1,1,0,0,1
0,852,8,8,0,0,8
0,853,5,5,0,0,5
0,854,126,126,360,37,486
0,855,18,18,0,0,18
0,856,16,16,1,1,17
0,857,8,8,0,0,8
0,858,4,4,0,0,4
0,859,10,10,0,0,10
0,860,223,223,181,50,404
0,861,39,39,1,1,40
0,862,5,5,0,0,5
0,863,19,19,3,1,22
0,865,107,107,6,4,113
0,866,43,43,3,2,46
0,868,500,500,206,63,706
0,869,16,16,0,0,16
0,870,9,9,0,0,9
0,871,83,83,17,8,100
0,872,1,1,0,0,1
0,873,23,23,1,1,24
0,874,8,8,0,0,8
0,875,7,7,0,0,7
0,876,37,37,2,1,39
0,877,24,24,1,1,25
0,878,5,5,0,0,5
0,879,23,23,0,0,23
0,880,8,8,0,0,8
0,881,12,12,0,0,12
0,882,24,24,0,0,24
0,883,8,8,0,0,8
0,884,57,57,9,4,66
0,885,1,1,0,0,1
0,886,9,9,3,1,12
0,889,25,25,0,0,25
0,890,73,73,13,6,86
0,891,9,9,0,0,9
0,892,24,24,19,6,43
0,893,20,20,61,9,81
0,895,123,123,14,4,137
0,896,7,7,0,0,7
0,897,55,55,2,1,57
0,898,254,254,207,50,461
0,899,11,11,1,1,12
0,900,28,28,1,1,29
0,901,17,17,2,2,19
0,902,20,20,0,0,20
0,903,29,29,0,0,29
0,904,11,11,0,0,11
0,905,3,3,0,0,3
0,906,8,8,1,1,9
0,907,7,7,0,0,7
0,909,15,15,0,0,15
0,910,18,18,0,0,18
0,911,18,18,2,1,20
0,913,220,220,26,9,246
0,914,11,11,2,1,13
0,915,20,20,0,0,20
0,916,6,6,0,0,6
0,918,15,15,0,0,15
0,919,58,58,24,8,82
0,921,31,31,33,6,64
0,922,32,32,0,0,32
0,923,10,10,0,0,10
0,924,7,7,0,0,7
0,925,10,10,2,1,12
0,927,8,8,0,0,8
0,928,2,2,0,0,2
0,929,5,5,1,1,6
0,930,2,2,0,0,2
0,931,8,8,7,1,15
0,932,20,20,0,0,20
0,933,20,20,0,0,20
0,934,12,12,2,2,14
0,935,3,3,0,0,3
0,936,3,3,0,0,3
0,937,3,3,0,0,3
0,938,7,7,0,0,7
0,939,23,23,0,0,23
0,940,41,41,22,6,63
0,941,389,389,27,20,416
0,942,19,19,0,0,19
0,943,79,79,57,6,136
0,944,21,21,0,0,21
0,945,62,62,11,3,73
0,946,18,18,0,0,18
0,947,9,9,2,1,11
0,948,16,16,1,1,17
0,949,24,24,22,5,46
0,950,15,15,0,0,15
0,951,500,500,1012,195,1512
0,952,10,10,11,1,21
0,953,28,28,0,0,28
0,954,38,38,1,1,39
0,955,38,38,9,2,47
0,956,13,13,0,0,13
0,957,5,5,0,0,5
0,958,21,21,0,0,21
0,959,13,13,0,0,13
0,960,84,84,5,3,89
0,961,5,5,0,0,5
0,962,9,9,0,0,9
0,963,11,11,0,0,11
0,964,31,31,0,0,31
0,965,24,24,0,0,24
0,966,4,4,0,0,4
0,967,21,21,0,0,21
0,968,11,11,0,0,11
0,969,8,8,0,0,8
0,970,17,17,0,0,17
0,971,19,19,1,1,20
0,972,11,11,0,0,11
0,973,6,6,1,1,7
0,974,21,21,0,0,21
0,975,8,8,0,0,8
0,976,6,6,0,0,6
0,977,10,10,0,0,10
0,978,33,33,5,2,38
0,979,4,4,0,0,4
0,980,18,18,7,3,25
0,981,1,1,0,0,1
0,982,1,1,2,1,3
0,983,21,21,0,0,21
0,984,28,28,0,0,28
0,985,32,32,7,3,39
0,986,26,26,0,0,26
0,987,1,1,0,0,1
0,988,34,34,0,0,34
0,989,12,12,0,0,12
0,990,11,11,0,0,11
0,991,26,26,0,0,26
0,992,11,11,0,0,11
0,993,61,61,0,0,61
0,994,1,1,0,0,1
0,995,17,17,3,1,20
0,996,11,11,0,0,11
0,997,39,39,34,6,73
0,998,1,1,0,0,1
0,999,12,12,0,0,12
0,1000,1,1,0,0,1
0,1001,46,46,12,7,58
0,1002,42,42,2,2,44
0,1003,14,14,0,0,14
0,1004,12,12,0,0,12
0,1005,21,21,3,2,24
0,1006,1,1,0,0,1
0,1007,50,50,8,3,58
0,1008,73,73,4,2,77
0,1009,31,31,31,1,62
0,1010,19,19,11,1,30
0,1011,60,60,16,9,76
0,1012,30,30,8,3,38
0,1013,18,18,1,1,19
0,1014,38,38,14,3,52
0,1015,500,500,684,156,1184
0,1016,58,58,0,0,58
0,1017,79,79,10,4,89
0,1018,4,4,0,0,4
0,1019,9,9,0,0,9
0,1020,13,13,0,0,13
0,1021,5,5,0,0,5
0,1022,41,41,3,1,44
0,1023,3,3,0,0,3
0,1024,86,86,8,5,94
0,1025,49,49,1,1,50
0,1026,500,500,504,97,1004
0,1027,12,12,0,0,12
0,1028,20,20,13,4,33
0,1029,24,24,0,0,24
0,1030,25,25,0,0,25
0,1031,45,45,11,5,56
0,1032,39,39,1,1,40
0,1034,14,14,0,0,14
0,1035,28,28,5,1,33
0,1036,11,11,0,0,11
0,1037,26,26,1,1,27
0,1038,34,34,0,0,34
0,1039,49,49,10,3,59
0,1040,104,104,6,3,110
0,1041,20,20,0,0,20
0,1042,13,13,0,0,13
0,1043,5,5,0,0,5
0,1044,64,64,19,10,83
0,1045,33,33,0,0,33
0,1046,30,30,0,0,30
0,1047,89,89,11,5,100
0,1048,203,203,131,28,334
0,1049,9,9,0,0,9
0,1050,14,14,0,0,14
0,1051,18,18,0,0,18
0,1052,3,3,0,0,3
0,1053,3,3,0,0,3
0,1055,16,16,0,0,16
0,1056,12,12,0,0,12
0,1057,9,9,0,0,9
0,1058,7,7,0,0,7
0,1059,9,9,0,0,9
0,1060,25,25,0,0,25
0,1061,19,19,0,0,19
0,1062,12,12,2,1,14
0,1063,4,4,0,0,4
0,1064,5,5,0,0,5
0,1065,13,13,0,0,13
0,1066,23,23,0,0,23
0,1067,3,3,0,0,3
0,1068,5,5,0,0,5
0,1069,23,23,0,0,23
0,1070,31,31,0,0,31
0,1071,8,8,0,0,8
0,1072,12,12,1,1,13
0,1073,10,10,0,0,10
0,1074,11,11,0,0,11
0,1075,11,11,0,0,11
0,1076,36,36,21,6,57
0,1077,17,17,0,0,17
0,1078,10,10,0,0,10
0,1079,5,5,0,0,5
0,1080,16,16,2,2,18
0,1081,35,35,33,4,68
0,1082,20,20,1,1,21
0,1083,3,3,0,0,3
0,1084,41,41,0,0,41
0,1086,39,39,1,1,40
0,1087,59,59,0,0,59
0,1088,10,10,0,0,10
0,1089,21,21,0,0,21
0,1090,41,41,22,6,63
0,1091,21,21,0,0,21
0,1092,280,280,206,63,486
0,1093,6,6,0,0,6
0,1094,124,124,20,8,144
0,1095,55,55,34,3,89
0,1096,12,12,0,0,12
0,1097,18,18,0,0,18
0,1098,29,29,2,1,31
0,1099,132,132,24,7,156
0,1100,7,7,0,0,7
0,1102,44,44,5,2,49
0,1103,53,53,0,0,53
0,1104,33,33,1,1,34
0,1105,25,25,0,0,25
0,1106,8,8,0,0,8
0,1107,143,143,70,17,213
0,1109,28,28,1,1,29
0,1110,45,45,5,3,50
0,1111,59,59,12,9,71
0,1112,83,83,1,1,84
0,1113,53,53,0,0,53
0,1114,9,9,0,0,9
0,1115,25,25,3,2,28
0,1116,14,14,0,0,14
0,1117,46,46,2,1,48
0,1118,33,33,0,0,33
0,1119,13,13,0,0,13
0,1120,62,62,0,0,62
0,1121,23,23,2,2,25
0,1122,31,31,9,2,40
0,1123,30,30,0,0,30
0,1124,78,78,85,15,163
0,1125,37,37,0,0,37
0,1126,49,49,0,0,49
0,1127,22,22,1,1,23
0,1128,50,50,0,0,50
0,1129,66,66,1,1,67
0,1130,20,20,0,0,20
0,1131,38,38,44,13,82
0,1132,243,243,102,20,345
0,1133,11,11,0,0,11
0,1134,500,500,7,3,507
0,1135,37,37,0,0,37
0,1136,49,49,14,1,63
0,1137,25,25,1,1,26
0,1138,215,215,479,54,694
0,1139,3,3,0,0,3
0,1140,18,18,0,0,18
0,1141,29,29,16,5,45
0,1142,20,20,6,1,26
0,1143,500,500,620,107,1120
0,1144,13,13,0,0,13
0,1145,54,54,23,7,77
0,1146,500,500,552,116,1052
0,1148,6,6,0,0,6
0,1149,500,500,427,103,927
0,1150,500,500,242,55,742
0,1151,54,54,21,4,75
0,1152,270,270,300,67,570
0,1153,329,329,375,108,704
0,1154,500,500,230,69,730
0,1155,26,26,17,2,43
0,1156,53,53,37,13,90
0,1157,17,17,0,0,17
0,1158,77,77,82,21,159
0,1159,18,18,0,0,18
0,1160,13,13,0,0,13
0,1161,16,16,0,0,16
0,1162,500,500,935,138,1435
0,1163,500,500,616,187,1116
0,1165,5,5,0,0,5
0,1166,19,19,9,2,28
0,1167,10,10,0,0,10
0,1168,500,500,450,106,950
0,1169,500,500,413,105,913
0,1170,500,500,551,112,1051
0,1171,500,500,822,171,1322
0,1172,500,500,162,50,662
0,1174,500,500,968,175,1468
0,1175,80,80,65,12,145
0,1176,13,13,0,0,13
0,1177,3,3,0,0,3
0,1178,13,13,14,3,27
0,1179,2,2,10,2,12
0,1180,7,7,0,0,7
0,1181,500,500,552,137,1052
0,1182,16,16,14,1,30
0,1183,16,16,0,0,16
0,1184,16,16,3,1,19
0,1185,500,500,287,77,787
0,1186,49,49,29,5,78
0,1187,14,14,0,0,14
0,1188,500,500,493,108,993
0,1189,15,15,32,1,47
0,1191,11,11,0,0,11
0,1192,500,500,672,138,1172
0,1193,108,108,241,40,349
0,1194,8,8,0,0,8
0,1195,117,117,206,34,323
0,1196,500,500,419,93,919
0,1197,11,11,0,0,11
0,1198,12,12,7,2,19
0,1199,3,3,0,0,3
0,1200,5,5,0,0,5
0,1201,14,14,0,0,14
0,1202,15,15,0,0,15
0,1203,500,500,769,149,1269
0,1204,500,500,237,48,737
0,1205,328,328,25,9,353
0,1206,112,112,2,2,114
0,1207,6,6,0,0,6
0,1208,11,11,8,2,19
0,1209,500,500,1317,232,1817
0,1210,500,500,835,172,1335
0,1211,5,5,0,0,5
0,1212,500,500,417,88,917
0,1213,500,500,859,179,1359
0,1214,252,252,481,95,733
0,1215,65,65,36,8,101
0,1216,10,10,0,0,10
0,1217,500,500,1147,156,1647
0,1218,288,288,312,61,600
0,1219,9,9,0,0,9
0,1220,18,18,0,0,18
0,1221,14,14,1,1,15
0,1222,63,63,11,5,74
0,1223,31,31,23,5,54
0,1224,10,10,0,0,10
0,1225,500,500,551,152,1051
0,1226,116,116,62,22,178
0,1227,16,16,14,2,30
0,1228,18,18,0,0,18
0,1229,77,77,4,2,81
0,1230,500,500,367,83,867
0,1231,13,13,0,0,13
0,1232,500,500,69,13,569
0,1233,18,18,0,0,18
0,1234,13,13,0,0,13
0,1235,16,16,0,0,16
0,1237,13,13,0,0,13
0,1238,493,493,539,103,1032
0,1239,4,4,0,0,4
0,1240,9,9,0,0,9
0,1241,500,500,613,133,1113
0,1242,11,11,5,1,16
0,1243,11,11,10,1,21
0,1244,500,500,577,99,1077
0,1245,293,293,262,76,555
0,1246,500,500,311,76,811
0,1247,2,2,0,0,2
0,1248,5,5,0,0,5
0,1249,7,7,0,0,7
0,1250,234,234,34,19,268
0,1251,14,14,0,0,14
0,1252,5,5,0,0,5
0,1253,73,73,16,6,89
0,1254,29,29,23,4,52
0,1255,10,10,0,0,10
0,1256,4,4,0,0,4
0,1257,10,10,0,0,10
0,1258,303,303,579,103,882
0,1259,22,22,24,8,46
0,1260,224,224,372,69,596
0,1261,31,31,4,1,35
0,1262,7,7,0,0,7
0,1263,500,500,707,170,1207
0,1264,21,21,8,4,29
0,1265,9,9,1,1,10
0,1266,10,10,0,0,10
0,1267,37,37,36,8,73
0,1268,10,10,2,1,12
0,1269,49,49,1,1,50
0,1270,6,6,0,0,6
0,1271,37,37,5,2,42
0,1272,13,13,0,0,13
0,1273,500,500,945,165,1445
0,1274,9,9,0,0,9
0,1275,17,17,0,0,17
0,1276,27,27,27,6,54
0,1277,9,9,0,0,9
0,1278,13,13,2,1,15
0,1279,295,295,529,76,824
0,1280,86,86,71,19,157
0,1281,500,500,675,115,1175
0,1282,500,500,1123,180,1623
0,1283,500,500,673,138,1173
0,1284,10,10,0,0,10
0,1285,43,43,41,10,84
0,1286,500,500,39,6,539
0,1287,18,18,0,0,18
0,1288,77,77,0,0,77
0,1289,13,13,0,0,13
0,1290,10,10,0,0,10
0,1291,16,16,0,0,16
0,1292,16,16,9,1,25
0,1293,15,15,0,0,15
0,1294,500,500,416,112,916
0,1295,13,13,0,0,13
0,1296,27,27,4,1,31
0,1297,500,500,325,84,825
0,1298,10,10,0,0,10
0,1299,500,500,887,167,1387
0,1300,8,8,3,2,11
0,1301,4,4,0,0,4
0,1302,5,5,0,0,5
0,1303,500,500,1103,207,1603
0,1304,387,387,339,71,726
0,1305,11,11,0,0,11
0,1306,5,5,0,0,5
0,1307,500,500,644,121,1144
0,1308,500,500,692,153,1192
0,1309,500,500,560,140,1060
0,1310,8,8,0,0,8
0,1311,500,500,1101,213,1601
0,1312,348,348,64,18,412
0,1313,500,500,86,35,586
0,1314,5,5,0,0,5
0,1315,13,13,0,0,13
0,1316,3,3,0,0,3
0,1317,3,3,0,0,3
0,1318,23,23,12,5,35
0,1319,17,17,0,0,17
0,1320,12,12,0,0,12
0,1321,11,11,6,1,17
0,1322,18,18,3,1,21
0,1324,8,8,0,0,8
0,1325,356,356,80,25,436
0,1326,58,58,25,4,83
0,1327,16,16,0,0,16
0,1328,500,500,391,107,891
0,1329,13,13,0,0,13
0,1330,12,12,14,3,26
0,1331,5,5,0,0,5
0,1332,77,77,0,0,77
0,1333,10,10,0,0,10
0,1334,18,18,0,0,18
0,1335,5,5,0,0,5
0,1336,11,11,7,1,18
0,1337,54,54,5,4,59
0,1338,11,11,0,0,11
0,1339,10,10,0,0,10
0,1340,39,39,23,6,62
0,1341,83,83,12,2,95
0,1342,500,500,629,129,1129
0,1343,4,4,0,0,4
0,1344,303,303,69,14,372
0,1345,500,500,542,115,1042
0,1346,50,50,10,4,60
0,1347,500,500,262,72,762
0,1348,8,8,0,0,8
0,1349,91,91,60,20,151
0,1350,500,500,674,115,1174
0,1351,5,5,0,0,5
0,1352,500,500,613,142,1113
0,1353,1,1,0,0,1
0,1354,6,6,0,0,6
0,1355,3,3,0,0,3
0,1356,41,41,0,0,41
0,1357,8,8,0,0,8
0,1358,374,374,252,60,626
0,1359,32,32,0,0,32
0,1360,3,3,0,0,3
0,1361,37,37,0,0,37
0,1362,500,500,485,117,985
0,1363,64,64,23,8,87
0,1364,5,5,0,0,5
0,1365,9,9,15,1,24
0,1366,4,4,0,0,4
0,1367,500,500,523,121,1023
0,1368,500,500,788,172,1288
0,1369,500,500,663,110,1163
0,1370,35,35,17,3,52
0,1371,71,71,18,4,89
0,1372,10,10,0,0,10
0,1373,31,31,36,9,67
0,1374,14,14,3,2,17
0,1375,8,8,5,1,13
0,1376,12,12,0,0,12
0,1377,3,3,4,2,7
0,1378,9,9,0,0,9
0,1379,8,8,0,0,8
0,1380,9,9,2,1,11
0,1381,4,4,0,0,4
0,1382,500,500,252,71,752
0,1383,7,7,11,1,18
0,1384,500,500,631,140,1131
0,1385,131,131,30,11,161
0,1386,34,34,31,6,65
0,1387,500,500,686,97,1186
0,1388,4,4,0,0,4
0,1389,500,500,450,98,950
0,1390,500,500,1381,160,1881
0,1391,500,500,289,77,789
0,1392,17,17,20,1,37
0,1393,2,2,0,0,2
0,1394,3,3,0,0,3
0,1395,321,321,650,101,971
0,1396,500,500,650,144,1150
0,1397,500,500,670,141,1170
0,1398,22,22,2,1,24
0,1399,18,18,10,4,28
0,1400,23,23,4,2,27
0,1401,9,9,0,0,9
0,1402,22,22,2,1,24
0,1403,89,89,108,24,197
0,1404,8,8,0,0,8
0,1405,22,22,0,0,22
0,1406,46,46,16,4,62
0,1407,61,61,17,5,78
0,1408,20,20,0,0,20
0,1409,8,8,0,0,8
0,1410,6,6,0,0,6
0,1411,196,196,32,9,228
0,1412,3,3,0,0,3
0,1413,16,16,0,0,16
0,1414,96,96,9,2,105
0,1415,9,9,0,0,9
0,1416,38,38,10,4,48
0,1417,299,299,298,67,597
0,1418,29,29,6,3,35
0,1419,500,500,732,126,1232
0,1420,68,68,66,9,134
0,1421,8,8,1,1,9
0,1422,8,8,0,0,8
0,1423,32,32,8,3,40
0,1424,6,6,0,0,6
0,1425,3,3,0,0,3
0,1426,11,11,5,1,16
0,1427,5,5,0,0,5
0,1428,6,6,0,0,6
0,1429,20,20,2,1,22
0,1431,344,344,44,16,388
0,1432,4,4,0,0,4
0,1433,5,5,0,0,5
0,1434,500,500,619,139,1119
0,1435,3,3,0,0,3
0,1436,20,20,38,3,58
0,1437,500,500,848,163,1348
0,1438,4,4,0,0,4
0,1439,22,22,1,1,23
0,1440,23,23,0,0,23
0,1441,3,3,0,0,3
0,1442,10,10,11,2,21
0,1443,318,318,344,72,662
0,1444,10,10,1,1,11
0,1445,25,25,2,1,27
0,1446,26,26,1,1,27
0,1447,1,1,0,0,1
0,1448,27,27,6,3,33
0,1449,47,47,112,2,159
0,1450,234,234,222,47,456
0,1451,4,4,0,0,4
0,1452,11,11,0,0,11
0,1453,16,16,12,4,28
0,1454,12,12,0,0,12
0,1455,89,89,17,5,106
0,1456,5,5,0,0,5
0,1457,115,115,2,2,117
0,1459,3,3,0,0,3
0,1460,32,32,2,1,34
0,1462,45,45,22,1,67
0,1464,14,14,0,0,14
0,1465,241,241,3,3,244
0,1466,99,99,36,9,135
0,1468,94,94,13,6,107
0,1471,43,43,28,5,71
0,1472,32,32,0,0,32
0,1473,43,43,36,9,79
0,1475,44,44,3,3,47
0,1477,43,43,33,3,76
0,1478,24,24,0,0,24
0,1479,1,1,0,0,1
0,1483,30,30,2,1,32
0,1485,16,16,0,0,16
0,1486,14,14,0,0,14
0,1487,192,192,56,17,248
0,1488,48,48,8,2,56
0,1489,7,7,0,0,7
0,1490,62,62,9,3,71
0,1493,63,63,3,1,66
0,1494,9,9,2,1,11
0,1496,44,44,0,0,44
0,1497,44,44,1,1,45
0,1498,12,12,15,1,27
0,1499,39,39,66,13,105
0,1500,3,3,0,0,3
0,1501,23,23,8,2,31
0,1503,10,10,0,0,10
0,1505,4,4,1,1,5
0,1506,17,17,2,2,19
0,1508,5,5,0,0,5
0,1509,17,17,0,0,17
0,1513,100,100,26,9,126
0,1514,196,196,43,9,239
0,1515,35,35,13,2,48
0,1516,433,433,157,25,590
0,1517,10,10,0,0,10
0,1518,168,168,299,52,467
0,1519,13,13,0,0,13
0,1520,11,11,0,0,11
0,1523,19,19,0,0,19
0,1524,10,10,0,0,10
0,1526,220,220,48,16,268
0,1527,44,44,2,2,46
0,1528,500,500,162,25,662
0,1529,11,11,0,0,11
0,1531,65,65,5,3,70
0,1533,1,1,0,0,1
0,1535,44,44,16,2,60
0,1537,16,16,0,0,16
0,1538,63,63,17,4,80
0,1539,8,8,0,0,8
0,1540,33,33,11,1,44
0,1541,1,1,0,0,1
0,1542,11,11,3,1,14
0,1543,24,24,0,0,24
0,1544,22,22,0,0,22
0,1545,106,106,5,2,111
0,1546,116,116,45,15,161
0,1548,8,8,0,0,8
0,1550,16,16,1,1,17
0,1551,7,7,0,0,7
0,1553,4,4,0,0,4
0,1554,16,16,0,0,16
0,1558,12,12,0,0,12
0,1559,17,17,0,0,17
0,1560,2,2,0,0,2
0,1561,11,11,0,0,11
0,1562,5,5,0,0,5
0,1563,5,5,0,0,5
0,1564,1,1,0,0,1
0,1565,9,9,0,0,9
0,1566,4,4,0,0,4
0,1567,5,5,0,0,5
0,1568,4,4,0,0,4
0,1571,14,14,12,4,26
0,1572,8,8,3,2,11
0,1573,15,15,4,1,19
0,1575,3,3,0,0,3
0,1576,2,2,0,0,2
0,1577,10,10,9,2,19
0,1578,11,11,0,0,11
0,1579,8,8,0,0,8
0,1580,2,2,0,0,2
0,1581,13,13,0,0,13
0,1582,11,11,0,0,11
0,1583,4,4,0,0,4
0,1584,2,2,0,0,2
0,1586,1,1,0,0,1
0,1587,10,10,0,0,10
0,1588,8,8,0,0,8
0,1589,28,28,8,4,36
0,1590,34,34,0,0,34
0,1591,6,6,0,0,6
0,1592,2,2,0,0,2
0,1594,19,19,1,1,20
0,1595,11,11,0,0,11
0,1596,2,2,0,0,2
0,1597,7,7,11,1,18
0,1598,5,5,3,1,8
0,1599,2,2,0,0,2
0,1601,29,29,12,3,41
0,1602,1,1,0,0,1
0,1603,3,3,5,1,8
0,1604,16,16,1,1,17
0,1607,7,7,0,0,7
0,1608,2,2,0,0,2
0,1609,7,7,0,0,7
0,1610,13,13,1,1,14
0,1611,11,11,0,0,11
0,1612,3,3,0,0,3
0,1613,28,28,3,1,31
0,1614,10,10,1,1,11
0,1615,3,3,0,0,3
0,1616,2,2,0,0,2
0,1617,1,1,0,0,1
0,1618,1,1,0,0,1
0,1619,15,15,1,1,16
0,1620,7,7,0,0,7
0,1621,3,3,0,0,3
0,1623,3,3,0,0,3
0,1624,2,2,1,1,3
0,1625,5,5,0,0,5
0,1626,14,14,0,0,14
0,1627,3,3,0,0,3
0,1628,5,5,0,0,5
0,1629,2,2,0,0,2
0,1630,15,15,0,0,15
0,1631,13,13,0,0,13
0,1632,4,4,0,0,4
0,1633,8,8,0,0,8
0,1634,2,2,0,0,2
0,1635,3,3,1,1,4
0,1636,3,3,0,0,3
0,1637,32,32,6,5,38
0,1638,24,24,0,0,24
0,1639,11,11,4,1,15
0,1640,7,7,0,0,7
0,1641,10,10,0,0,10
0,1642,6,6,0,0,6
0,1643,6,6,0,0,6
0,1644,4,4,1,1,5
0,1645,18,18,0,0,18
0,1646,17,17,8,2,25
0,1647,16,16,17,4,33
0,1648,2,2,0,0,2
0,1649,6,6,7,1,13
0,1650,7,7,90,1,97
0,1651,3,3,0,0,3
0,1652,7,7,0,0,7
0,1653,11,11,4,3,15
0,1654,4,4,0,0,4
0,1655,6,6,0,0,6
0,1656,14,14,0,0,14
0,1657,4,4,0,0,4
0,1658,2,2,0,0,2
0,1659,4,4,0,0,4
0,1660,4,4,0,0,4
0,1661,38,38,4,3,42
0,1662,1,1,0,0,1
0,1663,9,9,30,2,39
0,1664,9,9,0,0,9
0,1666,57,57,13,4,70
0,1667,32,32,23,5,55
0,1668,2,2,0,0,2
0,1669,2,2,0,0,2
0,1670,3,3,0,0,3
0,1671,2,2,12,2,14
0,1672,3,3,6,2,9
0,1673,33,33,0,0,33
0,1674,12,12,0,0,12
0,1675,16,16,0,0,16
0,1676,4,4,0,0,4
0,1677,11,11,0,0,11
0,1678,10,10,1,1,11
0,1679,2,2,0,0,2
0,1680,3,3,0,0,3
0,1681,2,2,0,0,2
0,1682,23,23,1,1,24
0,1684,12,12,5,2,17
0,1685,5,5,0,0,5
0,1686,5,5,1,1,6
0,1687,8,8,0,0,8
0,1688,5,5,0,0,5
0,1689,7,7,0,0,7
0,1690,1,1,0,0,1
0,1691,3,3,0,0,3
0,1692,22,22,0,0,22
0,1693,5,5,0,0,5
0,1694,11,11,0,0,11
0,1695,3,3,0,0,3
0,1696,4,4,0,0,4
0,1697,17,17,0,0,17
0,1698,11,11,13,2,24
0,1699,5,5,0,0,5
0,1700,42,42,1,1,43
0,1701,25,25,1,1,26
0,1702,9,9,0,0,9
0,1703,2,2,3,1,5
0,1704,6,6,1,1,7
0,1705,28,28,1,1,29
0,1706,34,34,1,1,35
0,1707,110,110,17,9,127
0,1708,8,8,0,0,8
0,1709,9,9,0,0,9
0,1710,8,8,0,0,8
0,1711,53,53,34,4,87
0,1712,50,50,0,0,50
0,1713,17,17,0,0,17
0,1714,94,94,7,5,101
0,1715,21,21,1,1,22
0,1716,25,25,24,1,49
0,1717,67,67,7,2,74
0,1718,28,28,0,0,28
0,1719,17,17,2,1,19
0,1720,38,38,5,4,43
0,1722,21,21,0,0,21
0,1723,11,11,0,0,11
0,1724,36,36,0,0,36
0,1725,20,20,0,0,20
0,1726,7,7,0,0,7
0,1727,10,10,0,0,10
0,1728,35,35,1,1,36
0,1729,23,23,0,0,23
0,1730,39,39,10,4,49
0,1731,91,91,6,2,97
0,1732,14,14,0,0,14
0,1733,11,11,0,0,11
0,1734,22,22,0,0,22
0,1735,35,35,0,0,35
0,1736,25,25,2,2,27
0,1737,30,30,0,0,30
0,1738,12,12,0,0,12
0,1739,129,129,15,6,144
0,1740,371,371,119,30,490
0,1741,31,31,0,0,31
0,1742,16,16,0,0,16
0,1743,17,17,0,0,17
0,1744,18,18,1,1,19
0,1745,14,14,0,0,14
0,1746,14,14,14,2,28
0,1747,14,14,1,1,15
0,1748,5,5,0,0,5
0,1749,20,20,0,0,20
0,1750,27,27,2,2,29
0,1752,24,24,0,0,24
0,1754,40,40,1,1,41
0,1755,42,42,2,1,44
0,1756,31,31,0,0,31
0,1757,118,118,6,4,124
0,1759,34,34,2,1,36
0,1760,35,35,2,2,37
0,1761,27,27,2,2,29
0,1762,47,47,1,1,48
0,1764,31,31,7,2,38
0,1766,19,19,0,0,19
0,1768,35,35,3,1,38
0,1769,100,100,17,7,117
0,1770,84,84,4,3,88
0,1771,25,25,2,2,27
0,1773,70,70,4,3,74
0,1774,20,20,0,0,20
0,1775,45,45,0,0,45
0,1776,17,17,0,0,17
0,1777,4,4,0,0,4
0,1779,45,45,0,0,45
0,1780,54,54,14,2,68
0,1781,26,26,0,0,26
0,1782,35,35,2,1,37
0,1783,78,78,0,0,78
0,1784,58,58,2,2,60
0,1785,29,29,0,0,29
0,1786,9,9,0,0,9
0,1788,74,74,3,3,77
0,1789,33,33,0,0,33
0,1790,48,48,3,2,51
0,1791,19,19,0,0,19
0,1792,105,105,6,4,111
0,1793,45,45,0,0,45
0,1794,55,55,1,1,56
0,1795,112,112,35,10,147
0,1796,99,99,9,6,108
0,1798,73,73,9,6,82
0,1800,42,42,2,2,44
0,1803,13,13,0,0,13
0,1804,45,45,0,0,45
0,1806,19,19,0,0,19
0,1809,31,31,2,1,33
0,1810,7,7,0,0,7
0,1811,500,500,587,120,1087
0,1812,52,52,1,1,53
0,1813,24,24,1,1,25
0,1814,24,24,1,1,25
0,1815,41,41,1,1,42
0,1816,206,206,176,25,382
0,1817,24,24,2,1,26
0,1818,47,47,3,2,50
0,1819,42,42,10,1,52
0,1820,30,30,19,2,49
0,1821,63,63,6,3,69
0,1822,61,61,9,3,70
0,1823,66,66,12,7,78
0,1824,23,23,1,1,24
0,1825,28,28,6,1,34
0,1826,63,63,38,7,101
0,1827,412,412,657,61,1069
0,1829,64,64,22,3,86
0,1830,30,30,7,2,37
0,1831,21,21,1,1,22
0,1833,3,3,0,0,3
0,1834,13,13,0,0,13
0,1836,2,2,0,0,2
0,1837,8,8,0,0,8
0,1838,11,11,1,1,12
0,1839,8,8,0,0,8
0,1840,19,19,0,0,19
0,1841,8,8,0,0,8
0,1842,7,7,0,0,7
0,1843,22,22,0,0,22
0,1844,10,10,0,0,10
0,1845,14,14,1,1,15
0,1846,48,48,104,18,152
0,1847,2,2,0,0,2
0,1849,20,20,0,0,20
0,1850,5,5,0,0,5
0,1851,14,14,2,1,16
0,1852,26,26,4,2,30
0,1853,19,19,0,0,19
0,1854,4,4,0,0,4
0,1855,7,7,0,0,7
0,1856,4,4,0,0,4
0,1857,5,5,0,0,5
0,1858,16,16,1,1,17
0,1859,21,21,1,1,22
0,1860,23,23,0,0,23
0,1861,30,30,20,5,50
0,1862,3,3,2,1,5
0,1863,4,4,0,0,4
0,1864,5,5,3,2,8
0,1865,20,20,5,2,25
0,1866,3,3,2,1,5
0,1867,14,14,0,0,14
0,1868,13,13,16,2,29
0,1869,12,12,1,1,13
0,1870,3,3,0,0,3
0,1871,8,8,0,0,8
0,1872,25,25,0,0,25
0,1873,9,9,2,1,11
0,1874,1,1,0,0,1
0,1875,27,27,6,2,33
0,1876,5,5,0,0,5
0,1877,9,9,0,0,9
0,1878,1,1,0,0,1
0,1879,12,12,2,1,14
0,1880,5,5,0,0,5
0,1881,7,7,0,0,7
0,1882,4,4,0,0,4
0,1883,1,1,0,0,1
0,1885,5,5,0,0,5
0,1886,3,3,0,0,3
0,1887,15,15,0,0,15
0,1888,4,4,2,1,6
0,1889,17,17,4,3,21
0,1890,10,10,0,0,10
0,1891,4,4,0,0,4
0,1892,10,10,1,1,11
0,1893,23,23,2,1,25
0,1894,11,11,0,0,11
0,1895,13,13,3,1,16
0,1896,4,4,0,0,4
0,1897,5,5,0,0,5
0,1898,10,10,0,0,10
0,1899,3,3,0,0,3
0,1900,3,3,0,0,3
0,1901,2,2,0,0,2
0,1902,2,2,0,0,2
0,1903,4,4,0,0,4
0,1904,5,5,6,1,11
0,1905,2,2,0,0,2
0,1906,10,10,0,0,10
0,1907,13,13,1,1,14
0,1909,6,6,0,0,6
0,1910,8,8,0,0,8
0,1911,17,17,1,1,18
0,1912,9,9,0,0,9
0,1913,2,2,0,0,2
0,1914,38,38,1,1,39
0,1915,1,1,0,0,1
0,1916,20,20,0,0,20
0,1917,10,10,0,0,10
0,1918,12,12,0,0,12
0,1919,11,11,0,0,11
0,1920,4,4,0,0,4
0,1922,15,15,0,0,15
0,1923,1,1,0,0,1
0,1925,1,1,0,0,1
0,1926,1,1,0,0,1
0,1927,6,6,0,0,6
0,1928,14,14,0,0,14
0,1929,20,20,0,0,20
0,1930,35,35,21,3,56
0,1932,24,24,0,0,24
0,1933,15,15,0,0,15
0,1934,128,128,47,5,175
0,1935,13,13,0,0,13
0,1936,9,9,0,0,9
0,1937,12,12,1,1,13
0,1938,2,2,0,0,2
0,1939,11,11,0,0,11
0,1940,5,5,0,0,5
0,1942,8,8,3,2,11
0,1943,19,19,0,0,19
0,1944,1,1,0,0,1
0,1945,13,13,3,1,16
0,1946,3,3,0,0,3
0,1947,5,5,0,0,5
0,1948,5,5,0,0,5
0,1949,1,1,0,0,1
0,1950,3,3,0,0,3
0,1951,2,2,1,1,3
0,1952,21,21,0,0,21
0,1953,4,4,0,0,4
0,1954,29,29,0,0,29
0,1955,11,11,0,0,11
0,1956,3,3,0,0,3
0,1957,1,1,0,0,1
0,1958,1,1,0,0,1
0,1959,11,11,1,1,12
0,1962,17,17,0,0,17
0,1963,3,3,0,0,3
0,1964,2,2,0,0,2
0,1966,3,3,0,0,3
0,1967,3,3,1,1,4
0,1968,5,5,1,1,6
0,1969,13,13,0,0,13
0,1970,3,3,0,0,3
0,1971,4,4,0,0,4
0,1972,60,60,18,4,78
0,1973,5,5,0,0,5
0,1976,1,1,0,0,1
0,1978,3,3,0,0,3
0,1980,4,4,1,1,5
0,1982,2,2,0,0,2
0,1983,32,32,0,0,32
0,1985,1,1,0,0,1
0,1986,32,32,0,0,32
0,1987,33,33,0,0,33
0,1988,2,2,0,0,2
0,1989,6,6,0,0,6
0,1990,1,1,0,0,1
0,1994,38,38,0,0,38
0,1995,33,33,0,0,33
0,1997,16,16,0,0,16
0,1998,37,37,0,0,37
0,1999,6,6,1,1,7
0,2000,2,2,0,0,2
0,2001,12,12,8,2,20
0,2002,12,12,26,1,38
0,2003,4,4,2,2,6
0,2004,22,22,0,0,22
0,2005,69,69,121,2,190
0,2006,228,228,118,33,346
0,2007,1,1,0,0,1
0,2008,5,5,0,0,5
0,2009,10,10,53,2,63
0,2011,41,41,3,2,44
0,2012,39,39,0,0,39
0,2013,38,38,0,0,38
0,2014,19,19,0,0,19
0,2015,18,18,1,1,19
0,2016,32,32,43,9,75
0,2017,61,61,0,0,61
0,2018,4,4,0,0,4
0,2019,36,36,0,0,36
0,2020,127,127,65,14,192
0,2021,12,12,2,2,14
0,2022,55,55,69,6,124
0,2023,5,5,1,1,6
0,2024,32,32,0,0,32
0,2025,218,218,297,70,515
0,2026,79,79,3,2,82
0,2027,13,13,55,3,68
0,2028,113,113,7,3,120
0,2029,25,25,0,0,25
0,2030,40,40,0,0,40
0,2031,38,38,6,1,44
0,2032,28,28,0,0,28
0,2033,103,103,547,15,650
0,2034,58,58,1,1,59
0,2035,35,35,0,0,35
0,2036,32,32,3,2,35
0,2037,1,1,0,0,1
0,2038,11,11,0,0,11
0,2039,2,2,0,0,2
0,2040,41,41,4,2,45
0,2041,9,9,1,1,10
0,2042,28,28,0,0,28
0,2043,85,85,1,1,86
0,2044,55,55,0,0,55
0,2045,45,45,1,1,46
0,2046,30,30,1,1,31
0,2047,72,72,5,2,77
0,2048,7,7,0,0,7
0,2049,6,6,1,1,7
0,2050,73,73,1,1,74
0,2051,58,58,0,0,58
0,2052,31,31,0,0,31
0,2053,2,2,0,0,2
0,2054,9,9,2,1,11
0,2055,34,34,17,9,51
0,2056,272,272,220,32,492
0,2057,49,49,0,0,49
0,2058,4,4,0,0,4
0,2059,29,29,0,0,29
0,2060,48,48,2,1,50
0,2061,57,57,0,0,57
0,2062,42,42,0,0,42
0,2063,4,4,0,0,4
0,2064,5,5,0,0,5
0,2065,1,1,0,0,1
0,2066,3,3,0,0,3
0,2068,92,92,1,1,93
0,2069,50,50,2,1,52
0,2070,11,11,0,0,11
0,2071,64,64,3,3,67
0,2072,50,50,1,1,51
0,2073,36,36,2,2,38
0,2074,55,55,1,1,56
0,2075,56,56,18,7,74
0,2076,1,1,0,0,1
0,2078,149,149,43,14,192
0,2081,36,36,5,2,41
0,2082,43,43,0,0,43
0,2083,24,24,0,0,24
0,2084,22,22,0,0,22
0,2085,120,120,16,6,136
0,2086,2,2,0,0,2
0,2087,55,55,26,3,81
0,2088,1,1,0,0,1
0,2089,35,35,22,7,57
0,2090,45,45,0,0,45
0,2091,25,25,0,0,25
0,2092,500,500,95,29,595
0,2093,79,79,54,9,133
0,2094,34,34,1,1,35
0,2095,15,15,2,1,17
0,2096,197,197,95,23,292
0,2097,27,27,0,0,27
0,2098,4,4,0,0,4
0,2099,500,500,664,106,1164
0,2100,34,34,1,1,35
0,2101,86,86,9,5,95
0,2103,33,33,0,0,33
0,2104,54,54,28,5,82
0,2105,16,16,2,1,18
0,2107,39,39,1,1,40
0,2108,5,5,0,0,5
0,2109,1,1,0,0,1
0,2110,35,35,2,1,37
0,2111,24,24,0,0,24
0,2112,4,4,0,0,4
0,2113,14,14,0,0,14
0,2114,17,17,1,1,18
0,2115,25,25,0,0,25
0,2116,23,23,0,0,23
0,2117,43,43,0,0,43
0,2118,29,29,0,0,29
0,2119,26,26,0,0,26
0,2120,87,87,150,24,237
0,2121,3,3,0,0,3
0,2122,26,26,0,0,26
0,2123,3,3,0,0,3
0,2124,21,21,0,0,21
0,2125,45,45,0,0,45
0,2126,44,44,0,0,44
0,2127,27,27,0,0,27
0,2128,4,4,0,0,4
0,2129,2,2,0,0,2
0,2130,45,45,0,0,45
0,2131,26,26,0,0,26
0,2132,2,2,0,0,2
0,2133,9,9,3,2,12
0,2134,37,37,0,0,37
0,2135,46,46,0,0,46
0,2136,33,33,28,5,61
0,2137,38,38,0,0,38
0,2138,15,15,57,5,72
0,2139,5,5,0,0,5
0,2140,2,2,0,0,2
0,2141,14,14,2,1,16
0,2142,365,365,58,20,423
0,2143,67,67,5,3,72
0,2144,34,34,3,2,37
0,2145,71,71,3,2,74
0,2146,38,38,0,0,38
0,2147,164,164,29,12,193
0,2148,54,54,1,1,55
0,2149,55,55,3,1,58
0,2151,31,31,27,9,58
0,2152,2,2,0,0,2
0,2155,1,1,0,0,1
0,2156,74,74,6,2,80
0,2157,19,19,0,0,19
0,2158,79,79,7,3,86
0,2159,194,194,17,9,211
0,2162,5,5,0,0,5
0,2165,24,24,0,0,24
0,2166,37,37,1,1,38
0,2167,38,38,1,1,39
0,2168,28,28,31,1,59
0,2169,64,64,0,0,64
0,2170,35,35,0,0,35
0,2171,12,12,0,0,12
0,2172,22,22,0,0,22
0,2173,20,20,0,0,20
0,2174,17,17,0,0,17
0,2175,2,2,0,0,2
0,2177,46,46,0,0,46
0,2178,34,34,18,2,52
0,2179,34,34,12,1,46
0,2180,40,40,4,3,44
0,2181,31,31,0,0,31
0,2182,25,25,1,1,26
0,2183,23,23,0,0,23
0,2184,53,53,4,1,57
0,2185,60,60,3,1,63
0,2186,33,33,0,0,33
0,2187,37,37,1,1,38
0,2188,45,45,28,1,73
0,2189,28,28,0,0,28
0,2190,49,49,0,0,49
0,2191,10,10,0,0,10
0,2192,23,23,1,1,24
0,2193,29,29,2,1,31
0,2194,28,28,0,0,28
0,2195,39,39,0,0,39
0,2196,23,23,0,0,23
0,2197,112,112,6,2,118
0,2198,1,1,0,0,1
0,2199,31,31,0,0,31
0,2200,24,24,0,0,24
0,2201,1,1,0,0,1
0,2202,38,38,0,0,38
0,2203,31,31,0,0,31
0,2204,26,26,0,0,26
0,2205,32,32,6,2,38
0,2206,2,2,1,1,3
0,2207,2,2,0,0,2
0,2208,7,7,0,0,7
0,2209,53,53,17,7,70
0,2210,214,214,127,45,341
0,2211,43,43,6,2,49
0,2212,18,18,0,0,18
0,2213,17,17,0,0,17
0,2214,2,2,0,0,2
0,2217,27,27,0,0,27
0,2218,13,13,0,0,13
0,2219,13,13,0,0,13
0,2220,22,22,0,0,22
0,2221,18,18,0,0,18
0,2222,27,27,2,2,29
0,2223,20,20,0,0,20
0,2225,8,8,8,3,16
0,2226,25,25,0,0,25
0,2227,21,21,0,0,21
0,2228,11,11,0,0,11
0,2229,23,23,0,0,23
0,2230,35,35,0,0,35
0,2231,8,8,8,5,16
0,2232,1,1,0,0,1
0,2234,1,1,0,0,1
0,2236,8,8,0,0,8
0,2237,22,22,0,0,22
0,2238,14,14,0,0,14
0,2239,10,10,0,0,10
0,2240,20,20,0,0,20
0,2241,9,9,0,0,9
0,2242,9,9,0,0,9
0,2243,31,31,0,0,31
0,2244,28,28,0,0,28
0,2245,30,30,1,1,31
0,2246,36,36,1,1,37
0,2249,3,3,3,1,6
0,2250,30,30,2,1,32
0,2251,24,24,0,0,24
0,2252,21,21,0,0,21
0,2253,14,14,0,0,14
0,2254,39,39,2,1,41
0,2255,14,14,0,0,14
0,2256,39,39,0,0,39
0,2257,32,32,0,0,32
0,2258,1,1,0,0,1
0,2259,45,45,86,4,131
0,2260,24,24,0,0,24
0,2261,55,55,1,1,56
0,2262,18,18,0,0,18
0,2263,3,3,0,0,3
0,2264,62,62,1,1,63
0,2265,83,83,13,7,96
0,2266,114,114,60,11,174
0,2267,21,21,0,0,21
0,2268,18,18,0,0,18
0,2269,59,59,9,3,68
0,2270,88,88,2,2,90
0,2271,18,18,2,1,20
0,2272,17,17,0,0,17
0,2273,10,10,0,0,10
0,2274,31,31,0,0,31
0,2275,70,70,3,3,73
0,2276,46,46,4,3,50
0,2277,88,88,6,3,94
0,2278,4,4,4,1,8
0,2279,77,77,264,16,341
0,2280,44,44,0,0,44
0,2281,17,17,0,0,17
0,2282,1,1,0,0,1
0,2283,56,56,13,6,69
0,2284,1,1,0,0,1
0,2285,2,2,0,0,2
0,2286,80,80,53,17,133
0,2287,10,10,0,0,10
0,2288,95,95,1,1,96
0,2289,50,50,7,4,57
0,2290,20,20,0,0,20
0,2291,11,11,0,0,11
0,2292,22,22,0,0,22
0,2293,26,26,8,2,34
0,2294,21,21,0,0,21
0,2295,15,15,0,0,15
0,2296,32,32,2,2,34
0,2297,7,7,0,0,7
0,2298,24,24,0,0,24
0,2299,25,25,0,0,25
0,2300,29,29,1,1,30
0,2301,15,15,0,0,15
0,2302,5,5,0,0,5
0,2303,30,30,1,1,31
0,2304,31,31,0,0,31
0,2305,1,1,0,0,1
0,2306,40,40,0,0,40
0,2307,12,12,0,0,12
0,2308,29,29,1,1,30
0,2309,51,51,0,0,51
0,2310,105,105,11,6,116
0,2311,27,27,0,0,27
0,2312,28,28,0,0,28
0,2313,28,28,2,2,30
0,2314,25,25,0,0,25
0,2315,24,24,0,0,24
0,2316,4,4,1,1,5
0,2317,2,2,0,0,2
0,2319,1,1,0,0,1
0,2320,30,30,1,1,31
0,2321,12,12,0,0,12
0,2322,15,15,0,0,15
0,2323,29,29,1,1,30
0,2324,22,22,0,0,22
0,2325,9,9,0,0,9
0,2326,52,52,6,2,58
0,2327,34,34,0,0,34
0,2328,22,22,0,0,22
0,2329,34,34,0,0,34
0,2330,21,21,0,0,21
0,2331,1,1,0,0,1
0,2332,40,40,120,1,160
0,2333,40,40,0,0,40
0,2334,56,56,1,1,57
0,2335,189,189,29,14,218
0,2336,32,32,2,2,34
0,2337,76,76,4,3,80
0,2338,59,59,3,2,62
0,2339,60,60,1,1,61
0,2340,52,52,1,1,53
0,2341,80,80,9,3,89
0,2342,60,60,95,2,155
0,2343,47,47,3,2,50
0,2344,35,35,0,0,35
0,2345,88,88,4,4,92
0,2346,53,53,1,1,54
0,2347,51,51,1,1,52
0,2348,13,13,0,0,13
0,2349,31,31,0,0,31
0,2351,18,18,0,0,18
0,2352,500,500,937,174,1437
0,2353,148,148,194,37,342
0,2354,13,13,0,0,13
0,2355,354,354,571,120,925
0,2356,72,72,37,11,109
0,2357,22,22,0,0,22
0,2358,9,9,0,0,9
0,2359,17,17,0,0,17
0,2361,358,358,319,65,677
0,2362,131,131,245,62,376
0,2363,8,8,0,0,8
0,2364,10,10,0,0,10
0,2365,18,18,16,2,34
0,2366,35,35,72,9,107
0,2367,2,2,0,0,2
0,2368,41,41,51,10,92
0,2369,500,500,734,149,1234
0,2370,500,500,1179,146,1679
0,2371,500,500,992,165,1492
0,2372,4,4,0,0,4
0,2373,6,6,0,0,6
0,2374,4,4,0,0,4
0,2375,0,0,8,7,8
0,2376,1,1,0,0,1
0,2377,134,134,43,12,177
0,2378,5,5,0,0,5
0,2379,7,7,0,0,7
0,2380,28,28,4,2,32
0,2381,14,14,0,0,14
0,2382,500,500,1306,166,1806
0,2383,37,37,0,0,37
0,2384,9,9,0,0,9
0,2385,1,1,0,0,1
0,2386,4,4,0,0,4
0,2387,9,9,0,0,9
0,2388,288,288,213,46,501
0,2389,3,3,0,0,3
0,2390,21,21,8,4,29
0,2391,497,497,1232,186,1729
0,2392,12,12,0,0,12
0,2393,13,13,0,0,13
0,2394,8,8,0,0,8
0,2395,13,13,0,0,13
0,2396,9,9,0,0,9
0,2398,7,7,0,0,7
0,2399,47,47,9,1,56
0,2400,35,35,0,0,35
0,2401,500,500,760,143,1260
0,2402,5,5,0,0,5
0,2403,22,22,9,2,31
0,2404,20,20,11,3,31
0,2405,12,12,2,2,14
0,2406,5,5,5,1,10
0,2407,75,75,23,10,98
0,2408,18,18,8,2,26
0,2409,3,3,0,0,3
0,2410,54,54,28,10,82
0,2411,5,5,0,0,5
0,2412,4,4,0,0,4
0,2413,190,190,143,29,333
0,2414,47,47,63,12,110
0,2415,316,316,612,139,928
0,2416,10,10,0,0,10
0,2417,4,4,0,0,4
0,2418,500,500,694,154,1194
0,2419,498,498,623,141,1121
0,2420,16,16,0,0,16
0,2421,6,6,0,0,6
0,2422,11,11,1,1,12
0,2423,497,497,773,165,1270
0,2424,486,486,1134,142,1620
0,2425,497,497,334,64,831
0,2426,7,7,0,0,7
0,2427,10,10,0,0,10
0,2428,27,27,14,6,41
0,2429,10,10,0,0,10
0,2430,1,1,0,0,1
0,2431,14,14,0,0,14
0,2432,4,4,1,1,5
0,2433,31,31,15,6,46
0,2434,497,497,1041,184,1538
0,2435,11,11,0,0,11
0,2436,12,12,0,0,12
0,2438,11,11,0,0,11
0,2439,10,10,0,0,10
0,2440,18,18,0,0,18
0,2441,12,12,0,0,12
0,2442,11,11,0,0,11
0,2443,2,2,0,0,2
0,2444,498,498,439,82,937
0,2445,7,7,0,0,7
0,2446,11,11,0,0,11
0,2447,0,0,14,5,14
0,2448,11,11,0,0,11
0,2450,13,13,0,0,13
0,2451,12,12,0,0,12
0,2452,7,7,0,0,7
0,2453,490,490,591,120,1081
0,2454,500,500,1570,149,2070
0,2455,178,178,82,26,260
0,2456,490,490,445,109,935
0,2457,492,492,872,184,1364
0,2458,11,11,0,0,11
0,2459,489,489,579,116,1068
0,2460,142,142,403,42,545
0,2461,24,24,20,6,44
0,2462,8,8,0,0,8
0,2463,13,13,0,0,13
0,2464,14,14,0,0,14
0,2465,12,12,0,0,12
0,2466,500,500,762,164,1262
0,2467,38,38,6,1,44
0,2468,416,416,316,83,732
0,2469,315,315,380,86,695
0,2470,11,11,0,0,11
0,2471,27,27,0,0,27
0,2472,108,108,73,12,181
0,2473,13,13,0,0,13
0,2475,5,5,4,3,9
0,2477,4,4,0,0,4
0,2478,7,7,0,0,7
0,2479,500,500,743,164,1243
0,2480,262,262,475,103,737
0,2481,500,500,620,133,1120
0,2482,28,28,0,0,28
0,2483,499,499,752,133,1251
0,2484,500,500,754,125,1254
0,2485,135,135,144,27,279
0,2486,24,24,0,0,24
0,2487,80,80,101,8,181
0,2488,500,500,576,135,1076
0,2489,14,14,0,0,14
0,2490,467,467,672,143,1139
0,2491,8,8,0,0,8
0,2492,65,65,6,1,71
0,2493,207,207,489,66,696
0,2494,24,24,10,4,34
0,2495,11,11,0,0,11
0,2496,8,8,0,0,8
0,2497,4,4,0,0,4
0,2498,3,3,0,0,3
0,2499,8,8,0,0,8
0,2500,10,10,0,0,10
0,2501,14,14,0,0,14
0,2502,314,314,98,31,412
0,2503,10,10,0,0,10
0,2504,3,3,0,0,3
0,2505,23,23,0,0,23
0,2507,9,9,0,0,9
0,2508,4,4,0,0,4
0,2509,498,498,1474,238,1972
0,2510,6,6,0,0,6
0,2511,36,36,16,3,52
0,2512,9,9,0,0,9
0,2513,3,3,0,0,3
0,2514,12,12,0,0,12
0,2515,487,487,370,100,857
0,2516,11,11,0,0,11
0,2517,11,11,0,0,11
0,2518,12,12,0,0,12
0,2519,500,500,986,177,1486
0,2520,53,53,2,1,55
0,2521,20,20,0,0,20
0,2522,2,2,0,0,2
0,2523,500,500,984,197,1484
0,2524,2,2,0,0,2
0,2525,497,497,644,103,1141
0,2526,56,56,59,10,115
0,2527,25,25,23,6,48
0,2529,0,0,5,2,5
0,2530,1,1,0,0,1
0,2531,12,12,0,0,12
0,2532,1,1,0,0,1
0,2533,20,20,7,2,27
0,2534,2,2,0,0,2
0,2535,105,105,107,27,212
0,2536,2,2,0,0,2
0,2537,9,9,0,0,9
0,2538,13,13,5,1,18
0,2539,487,487,669,134,1156
0,2540,359,359,108,32,467
0,2541,31,31,0,0,31
0,2542,54,54,5,1,59
0,2543,37,37,0,0,37
0,2544,146,146,274,59,420
0,2545,8,8,0,0,8
0,2546,25,25,25,4,50
0,2548,1,1,0,0,1
0,2549,13,13,8,1,21
0,2550,8,8,0,0,8
0,2551,10,10,0,0,10
0,2552,18,18,5,1,23
0,2553,11,11,0,0,11
0,2554,18,18,0,0,18
0,2555,201,201,280,47,481
0,2556,142,142,277,54,419
0,2557,9,9,0,0,9
0,2558,10,10,0,0,10
0,2559,500,500,603,148,1103
0,2560,19,19,1,1,20
0,2561,44,44,59,5,103
0,2562,488,488,912,79,1400
0,2563,126,126,127,28,253
0,2564,198,198,196,47,394
0,2565,6,6,0,0,6
0,2566,70,70,58,12,128
0,2567,48,48,4,2,52
0,2568,30,30,0,0,30
0,2569,7,7,0,0,7
0,2570,58,58,26,5,84
0,2571,0,0,7,4,7
0,2572,38,38,20,4,58
0,2574,475,475,357,94,832
0,2575,500,500,383,91,883
0,2576,9,9,0,0,9
0,2577,499,499,667,163,1166
0,2578,51,51,1,1,52
0,2579,4,4,0,0,4
0,2580,8,8,0,0,8
0,2581,7,7,0,0,7
0,2582,4,4,0,0,4
0,2583,497,497,600,148,1097
0,2584,17,17,0,0,17
0,2585,500,500,432,70,932
0,2586,7,7,0,0,7
0,2587,11,11,0,0,11
0,2588,6,6,0,0,6
0,2589,2,2,0,0,2
0,2590,8,8,0,0,8
0,2591,2,2,0,0,2
0,2592,25,25,35,7,60
0,2593,38,38,1,1,39
0,2594,80,80,112,24,192
0,2595,490,490,890,121,1380
0,2596,13,13,0,0,13
0,2597,8,8,0,0,8
0,2598,10,10,0,0,10
0,2599,27,27,0,0,27
0,2600,500,500,816,171,1316
0,2601,10,10,0,0,10
0,2602,17,17,0,0,17
0,2603,11,11,3,1,14
0,2604,20,20,0,0,20
0,2605,6,6,0,0,6
0,2606,3,3,0,0,3
0,2607,14,14,0,0,14
0,2608,5,5,0,0,5
0,2609,24,24,0,0,24
0,2610,15,15,0,0,15
0,2611,5,5,0,0,5
0,2612,7,7,0,0,7
0,2613,4,4,0,0,4
0,2615,498,498,466,121,964
0,2616,5,5,0,0,5
0,2617,6,6,0,0,6
0,2618,20,20,0,0,20
0,2619,499,499,683,126,1182
0,2620,5,5,0,0,5
0,2621,1,1,0,0,1
0,2622,77,77,133,24,210
0,2623,2,2,0,0,2
0,2624,37,37,17,8,54
0,2625,15,15,0,0,15
0,2626,495,495,398,92,893
0,2627,15,15,1,1,16
0,2628,7,7,0,0,7
0,2629,39,39,6,2,45
0,2630,500,500,694,180,1194
0,2631,51,51,58,15,109
0,2632,38,38,62,16,100
0,2633,14,14,0,0,14
0,2634,4,4,0,0,4
0,2635,9,9,6,1,15
0,2636,196,196,276,24,472
0,2637,246,246,121,22,367
0,2638,0,0,2,1,2
0,2639,12,12,10,3,22
0,2640,500,500,1003,195,1503
0,2641,5,5,0,0,5
0,2642,10,10,0,0,10
0,2643,14,14,0,0,14
0,2644,495,495,591,132,1086
0,2645,2,2,0,0,2
0,2646,14,14,0,0,14
0,2647,9,9,3,1,12
0,2648,4,4,0,0,4
0,2649,12,12,0,0,12
0,2650,16,16,0,0,16
0,2651,2,2,0,0,2
0,2652,6,6,1,1,7
0,2653,59,59,69,17,128
0,2654,11,11,1,1,12
0,2655,7,7,1,1,8
0,2656,25,25,4,2,29
0,10037,4,4,4,2,8
0,10040,1,1,0,0,1
0,10041,3,3,2,1,5
0,10045,1,1,0,0,1
0,10049,1,1,0,0,1
0,10050,3,3,3,2,6
0,10052,2,2,14,1,16
0,10053,2,2,0,0,2
0,10054,1,1,0,0,1
0,10056,1,1,1,1,2
1,1,1,1,0,0,1
1,17,5,5,3,1,8
1,26,248,248,23,6,271
1,38,34,34,30,7,64
1,46,500,500,286,67,786
1,51,67,67,100,16,167
1,55,71,71,60,11,131
1,65,5,5,1,1,6
1,67,432,432,21,13,453
1,68,17,17,13,2,30
1,72,11,11,0,0,11
1,73,5,5,4,2,9
1,84,306,306,83,40,389
1,115,177,177,318,38,495
1,119,2,2,0,0,2
1,124,37,37,4,3,41
1,130,151,151,0,0,151
1,163,1,1,0,0,1
1,183,3,3,0,0,3
1,188,1,1,0,0,1
1,199,9,9,13,2,22
1,200,399,399,244,76,643
1,201,112,112,32,9,144
1,203,29,29,76,8,105
1,206,500,500,521,83,1021
1,245,4,4,0,0,4
1,253,207,207,45,20,252
1,263,44,44,6,3,50
1,297,455,455,413,93,868
1,307,42,42,10,3,52
1,310,43,43,9,3,52
1,327,6,6,1,1,7
1,349,1,1,0,0,1
1,366,270,270,166,42,436
1,374,500,500,399,92,899
1,378,1,1,0,0,1
1,403,3,3,0,0,3
1,404,39,39,23,7,62
1,406,55,55,11,6,66
1,417,63,63,4,2,67
1,418,48,48,75,6,123
1,443,50,50,15,6,65
1,451,3,3,0,0,3
1,455,6,6,0,0,6
1,466,283,283,75,25,358
1,483,134,134,110,17,244
1,485,1,1,1,1,2
1,496,425,425,944,142,1369
1,501,1,1,0,0,1
1,508,19,19,21,4,40
1,517,128,128,266,36,394
1,526,2,2,0,0,2
1,528,140,140,36,13,176
1,531,2,2,0,0,2
1,536,64,64,16,4,80
1,545,4,4,2,1,6
1,546,6,6,0,0,6
1,548,246,246,48,23,294
1,556,168,168,71,7,239
1,558,390,390,131,37,521
1,561,500,500,165,53,665
1,562,6,6,3,1,9
1,565,115,115,34,18,149
1,570,27,27,8,3,35
1,577,136,136,54,11,190
1,586,3,3,0,0,3
1,587,444,444,364,79,808
1,590,142,142,68,20,210
1,593,367,367,168,55,535
1,602,96,96,10,8,106
1,606,391,391,107,36,498
1,610,15,15,10,3,25
1,633,2,2,1,1,3
1,637,26,26,82,10,108
1,643,185,185,156,32,341
1,645,4,4,1,1,5
1,646,17,17,17,10,34
1,650,10,10,9,4,19
1,654,29,29,74,12,103
1,656,1,1,0,0,1
1,658,1,1,3,1,4
1,660,1,1,0,0,1
1,664,2,2,3,2,5
1,665,1,1,0,0,1
1,666,3,3,6,2,9
1,671,2,2,1,1,3
1,672,3,3,0,0,3
1,679,1,1,0,0,1
1,685,7,7,30,5,37
1,686,3,3,1,1,4
1,691,357,357,408,62,765
1,696,9,9,38,4,47
1,697,1,1,0,0,1
1,701,3,3,5,2,8
1,704,2,2,0,0,2
1,706,1,1,0,0,1
1,710,1,1,0,0,1
1,715,36,36,43,8,79
1,718,9,9,27,1,36
1,719,2,2,1,1,3
1,720,2,2,0,0,2
1,725,63,63,14,8,77
1,730,1,1,0,0,1
1,733,14,14,10,5,24
1,734,4,4,0,0,4
1,740,8,8,20,1,28
1,741,1,1,0,0,1
1,753,3,3,4,2,7
1,754,11,11,2,2,13
1,758,1,1,34,1,35
1,762,1,1,0,0,1
1,765,7,7,10,1,17
1,771,17,17,3,3,20
1,778,1,1,0,0,1
1,783,121,121,384,36,505
1,784,3,3,2,1,5
1,790,2,2,0,0,2
1,791,1,1,0,0,1
1,792,2,2,20,2,22
1,795,10,10,14,4,24
1,812,3,3,1,1,4
1,817,1,1,0,0,1
1,819,92,92,104,30,196
1,820,1,1,0,0,1
1,827,4,4,0,0,4
1,831,2,2,0,0,2
1,836,6,6,1,1,7
1,837,2,2,0,0,2
1,840,51,51,66,17,117
1,842,7,7,5,2,12
1,843,1,1,0,0,1
1,848,1,1,0,0,1
1,850,2,2,0,0,2
1,855,3,3,0,0,3
1,856,1,1,0,0,1
1,857,8,8,60,7,68
1,859,13,13,1,1,14
1,860,3,3,5,2,8
1,862,1,1,5,1,6
1,874,1,1,0,0,1
1,877,2,2,0,0,2
1,880,1,1,1,1,2
