u,v
252348804,15373824
252348804,85501252
252348804,293353298
252348804,24997470
252348804,131601987
252348804,20870216
252348804,28149277
252348804,84200495
252348804,81229871
252348804,7806462
252348804,51899148
252348804,22784458
252348804,90722891
252348804,141021153
252348804,262045931
252348804,167939376
252348804,88127695
252348804,204089551
252348804,82030021
252348804,182163783
252348804,238289569
252348804,126444583
252348804,104155395
252348804,215298957
252348804,364598207
252348804,348610731
252348804,101859065
252348804,117517146
252348804,29514951
252348804,27548802
252348804,111164068
252348804,21624907
252348804,19364937
252348804,65673
252348804,204980873
252348804,119121697
252348804,16955141
252348804,3359851
252348804,108928516
252348804,108621190
252348804,95980722
252348804,200291506
252348804,34068984
252348804,28482819
252348804,106607901
252348804,284422688
15373824,51477206
15373824,51899148
15373824,120428242
15373824,21678052
15373824,19364937
15373824,238289569
15373824,81229871
15373824,21624907
15373824,104155395
15373824,292028596
15373824,227126986
15373824,271268885
15373824,108621190
15373824,204089551
15373824,19084990
15373824,167939376
15373824,85501252
15373824,284422688
15373824,82030021
15373824,131601987
15373824,119121697
15373824,15993650
15373824,106607901
15373824,293353298
15373824,28149277
15373824,117517146
15373824,101859065
15373824,95980722
15373824,111164068
15373824,7806462
15373824,234927940
15373824,28482819
15373824,22784458
15373824,24997470
15373824,84200495
15373824,105035129
15373824,32511443
15373824,16955141
15373824,29514951
15373824,126444583
15373824,177352756
15373824,211270920
15373824,364598207
15373824,348610731
123348683,106607901
123348683,119121697
123348683,177352756
123348683,28149277
123348683,90779436
123348683,117517146
123348683,15993650
123348683,204980873
123348683,111164068
123348683,22784458
123348683,141021153
123348683,21624907
123348683,82030021
123348683,34068984
123348683,167939376
123348683,27548802
123348683,7806462
123348683,108928516
123348683,173332472
123348683,348610731
123348683,65673
123348683,108621190
123348683,94918917
123348683,93885127
123348683,3359851
123348683,126444583
123348683,284422688
123348683,234927940
123348683,51477206
123348683,26967932
123348683,227126986
123348683,131601987
123348683,101859065
123348683,21678052
123348683,95980722
123348683,29514951
106607901,204089551
106607901,91105535
106607901,88127695
106607901,238289569
106607901,28482819
106607901,95980722
106607901,104155395
106607901,21678052
106607901,292028596
106607901,137962169
106607901,51899148
106607901,7806462
106607901,120428242
106607901,65673
106607901,204980873
106607901,105035129
106607901,96513226
106607901,34068984
106607901,82030021
106607901,234927940
106607901,131601987
106607901,200291506
106607901,108928516
106607901,126444583
106607901,28149277
106607901,141021153
106607901,85501252
106607901,15993650
106607901,90779436
106607901,116952434
106607901,237420957
106607901,472533325
106607901,173332472
106607901,24997470
106607901,111164068
106607901,94918917
106607901,167939376
106607901,22784458
106607901,21225078
106607901,262045931
106607901,108621190
106607901,65936054
106607901,210839744
106607901,293353298
106607901,119121697
106607901,19364937
106607901,271268885
106607901,314628781
106607901,16955141
106607901,20870216
106607901,284422688
106607901,114023805
126444583,204089551
126444583,237420957
126444583,262045931
126444583,284422688
126444583,94918917
126444583,101859065
126444583,167939376
126444583,88127695
126444583,95980722
126444583,218764303
126444583,238289569
126444583,34068984
126444583,20870216
126444583,105035129
126444583,200291506
126444583,51899148
126444583,90779436
126444583,7806462
126444583,65936054
126444583,176919659
126444583,86476023
126444583,314628781
126444583,93885127
126444583,22784458
126444583,3359851
126444583,120428242
126444583,211270920
126444583,119121697
126444583,23041697
126444583,29514951
126444583,111164068
126444583,104155395
126444583,16955141
126444583,348610731
126444583,173332472
126444583,259410199
126444583,28482819
126444583,141021153
126444583,21225078
126444583,85501252
126444583,114023805
126444583,81229871
126444583,116952434
126444583,96513226
126444583,51477206
126444583,21678052
126444583,131601987
126444583,108621190
126444583,137962169
126444583,486339492
126444583,177352756
126444583,204980873
126444583,82030021
126444583,84200495
126444583,210839744
126444583,108928516
126444583,292028596
126444583,91105535
126444583,24997470
126444583,65673
126444583,271268885
126444583,15993650
126444583,21624907
126444583,19364937
126444583,131348416
126444583,293353298
126444583,234927940
126444583,227126986
126444583,28149277
126444583,114019911
126444583,35617065
204089551,90779436
204089551,237420957
204089551,177352756
204089551,28149277
204089551,167939376
204089551,96513226
204089551,238289569
204089551,210839744
204089551,16955141
204089551,111164068
204089551,61933836
204089551,88127695
204089551,24997470
204089551,51477206
204089551,85501252
204089551,137962169
204089551,271268885
204089551,21678052
204089551,108621190
204089551,21225078
204089551,19645671
204089551,280325571
204089551,357741061
204089551,22784458
204089551,69051282
204089551,173332472
204089551,34068984
204089551,200291506
204089551,19364937
204089551,117517146
204089551,91105535
204089551,82030021
204089551,95980722
204089551,204980873
204089551,35617065
204089551,227126986
204089551,131601987
204089551,444206293
204089551,3359851
204089551,65673
204089551,108928516
204089551,119121697
204089551,120428242
204089551,28482819
204089551,472533325
204089551,293353298
204089551,105035129
204089551,348610731
204089551,15993650
204089551,141021153
204089551,182163783
204089551,284422688
204089551,215298957
204089551,20870216
204089551,116952434
204089551,94918917
204089551,364598207
204089551,314628781
204089551,29514951
204089551,53154874
204089551,21624907
204089551,93885127
204089551,325552188
204089551,46423291
204089551,84200495
204089551,101859065
204089551,203747496
204089551,114019911
204089551,19084990
204089551,10228272
204089551,7806462
204089551,18742444
204089551,105643923
174768030,81229871
174768030,22784458
174768030,84200495
174768030,271268885
174768030,114023805
174768030,131601987
174768030,28149277
174768030,19725644
174768030,348610731
174768030,108621190
174768030,111164068
174768030,24997470
174768030,27853708
174768030,28482819
174768030,182163783
174768030,23041697
174768030,16955141
81229871,28149277
81229871,348610731
81229871,111164068
81229871,210839744
81229871,238289569
81229871,31353077
81229871,95980722
81229871,182163783
81229871,284422688
81229871,29514951
81229871,65673
81229871,19084990
81229871,142635260
81229871,131601987
81229871,22784458
81229871,486339492
81229871,105035129
81229871,211270920
81229871,293353298
81229871,28482819
81229871,292028596
81229871,90722891
81229871,84200495
81229871,215298957
81229871,16955141
81229871,24997470
81229871,176295721
81229871,114023805
81229871,3359851
81229871,94918917
81229871,82030021
81229871,357741061
81229871,271268885
81229871,364598207
81229871,101859065
81229871,61933836
336875043,280325571
336875043,65936054
336875043,278342475
336875043,27548802
336875043,34068984
336875043,131348416
336875043,262045931
280325571,19088665
280325571,380196467
280325571,284422688
280325571,474919140
280325571,88130019
280325571,65936054
280325571,508226086
280325571,101859065
280325571,34068984
280325571,28149277
280325571,314628781
280325571,95980722
280325571,262045931
280325571,472549100
280325571,32511443
280325571,82030021
280325571,278342475
280325571,90779436
280325571,330582356
280325571,19084990
280325571,429537308
280325571,29514951
280325571,65673
280325571,42300444
280325571,108928516
280325571,93885127
280325571,94918917
280325571,18742444
280325571,271268885
280325571,219184547
280325571,19364937
280325571,3359851
280325571,19645671
280325571,238289569
280325571,46423291
280325571,131348416
280325571,444206293
364598207,22784458
364598207,111164068
364598207,84200495
364598207,28149277
364598207,284422688
364598207,394968954
364598207,61933836
364598207,82030021
364598207,19088665
364598207,27853708
364598207,18742444
364598207,29514951
364598207,182163783
364598207,31353077
364598207,211270920
364598207,357741061
364598207,210839744
364598207,93885127
364598207,131601987
364598207,293353298
364598207,90779436
364598207,28482819
364598207,87655141
364598207,101859065
364598207,16955141
364598207,348610731
364598207,24997470
364598207,108928516
364598207,10228272
364598207,19645671
364598207,19084990
364598207,18948541
364598207,90420314
364598207,91105535
22784458,177352756
22784458,237420957
22784458,19645671
22784458,19364937
22784458,15993650
22784458,348610731
22784458,65673
22784458,55048315
22784458,284422688
22784458,203747496
22784458,96513226
22784458,101859065
22784458,131601987
22784458,34068984
22784458,105035129
22784458,29514951
22784458,90779436
22784458,95980722
22784458,21678052
22784458,104155395
22784458,51477206
22784458,204980873
22784458,116952434
22784458,293353298
22784458,16955141
22784458,108621190
22784458,211270920
22784458,210839744
22784458,141021153
22784458,114019911
22784458,84200495
22784458,28482819
22784458,18742444
22784458,173332472
22784458,238289569
22784458,90722891
22784458,94918917
22784458,88127695
22784458,19084990
22784458,314628781
22784458,3359851
22784458,91105535
22784458,85501252
22784458,119121697
22784458,105643923
22784458,108928516
22784458,35617065
22784458,61933836
22784458,69051282
22784458,65936054
22784458,131348416
22784458,167939376
22784458,21225078
22784458,28149277
22784458,93885127
22784458,292028596
22784458,120428242
22784458,26967932
22784458,218764303
22784458,24117694
22784458,51899148
22784458,262045931
22784458,111164068
22784458,20870216
22784458,200291506
22784458,24997470
22784458,271268885
22784458,486339492
22784458,114023805
22784458,234927940
22784458,227126986
91105535,46423291
91105535,141021153
91105535,211270920
91105535,21225078
91105535,95980722
91105535,292028596
91105535,65673
91105535,116952434
91105535,167939376
91105535,51899148
91105535,21678052
91105535,238289569
91105535,105035129
91105535,61933836
91105535,111164068
91105535,131601987
91105535,219184547
91105535,114023805
91105535,34068984
91105535,35617065
91105535,28482819
91105535,119121697
91105535,294656128
91105535,24997470
91105535,15993650
91105535,28149277
91105535,348610731
91105535,82030021
91105535,16955141
91105535,29514951
91105535,90779436
91105535,104155395
91105535,84200495
91105535,101859065
46423291,108928516
46423291,141021153
46423291,34068984
46423291,314628781
46423291,104155395
46423291,24117694
46423291,20870216
46423291,51899148
46423291,105035129
46423291,69051282
46423291,35617065
46423291,65673
46423291,176295721
46423291,3359851
46423291,24997470
46423291,96513226
46423291,203747496
46423291,348610731
46423291,21225078
46423291,114023805
46423291,116952434
46423291,131348416
46423291,325670642
46423291,238289569
46423291,7806462
46423291,21678052
314628781,284422688
314628781,210839744
314628781,88127695
314628781,82030021
314628781,105035129
314628781,238289569
314628781,27548802
314628781,177352756
314628781,15993650
314628781,28149277
314628781,61933836
314628781,141021153
314628781,10228272
314628781,111164068
314628781,262045931
314628781,51477206
314628781,94918917
314628781,51899148
314628781,237420957
314628781,120428242
314628781,167939376
314628781,3359851
314628781,117517146
314628781,137962169
314628781,93885127
314628781,90722891
314628781,101859065
314628781,114019911
314628781,65673
314628781,29514951
314628781,211270920
314628781,116952434
314628781,104155395
314628781,105643923
314628781,131601987
314628781,90779436
314628781,42300444
314628781,119121697
314628781,28482819
314628781,108928516
314628781,21678052
314628781,108621190
314628781,200291506
314628781,96513226
314628781,95980722
284422688,84200495
284422688,472549100
284422688,119121697
284422688,173332472
284422688,16955141
284422688,131348416
284422688,357741061
284422688,211270920
284422688,27853708
284422688,210839744
284422688,21225078
284422688,176295721
284422688,262045931
284422688,85501252
284422688,65936054
284422688,65673
284422688,117517146
284422688,218764303
284422688,278342475
284422688,137962169
284422688,200291506
284422688,259410199
284422688,95996755
284422688,271268885
284422688,96513226
284422688,116952434
284422688,293353298
284422688,120428242
284422688,42300444
284422688,21678052
284422688,114023805
284422688,167939376
284422688,131601987
284422688,108621190
284422688,35617065
284422688,292028596
284422688,294656128
284422688,90779436
284422688,114019911
284422688,177352756
284422688,19645671
284422688,88127695
284422688,234927940
284422688,325552188
284422688,215298957
284422688,26967932
284422688,104155395
284422688,29514951
284422688,111164068
284422688,115273013
284422688,51477206
284422688,204980873
284422688,182163783
284422688,227126986
284422688,28482819
284422688,24997470
284422688,330582356
284422688,219184547
284422688,141021153
284422688,95980722
284422688,203747496
284422688,19364937
284422688,3359851
284422688,34068984
284422688,15993650
284422688,238289569
284422688,86476023
284422688,108928516
284422688,105035129
284422688,28149277
284422688,51899148
177352756,131601987
177352756,96513226
177352756,116952434
177352756,85501252
177352756,29514951
177352756,204980873
177352756,173332472
177352756,88127695
177352756,32511443
177352756,90722891
177352756,35617065
177352756,227126986
177352756,3359851
177352756,26967932
177352756,238289569
177352756,82030021
177352756,65673
177352756,19364937
177352756,84200495
177352756,111164068
177352756,90779436
177352756,21225078
177352756,15993650
177352756,348610731
177352756,34068984
177352756,21624907
177352756,65936054
177352756,141021153
177352756,28149277
177352756,234927940
177352756,95980722
177352756,119121697
177352756,28482819
177352756,94918917
177352756,101859065
177352756,51477206
177352756,93885127
177352756,211270920
131601987,141021153
131601987,28149277
131601987,237420957
131601987,19084990
131601987,211270920
131601987,111164068
131601987,65673
131601987,16955141
131601987,85501252
131601987,218764303
131601987,348610731
131601987,95980722
131601987,293353298
131601987,61933836
131601987,21678052
131601987,227126986
131601987,219184547
131601987,65936054
131601987,105035129
131601987,96513226
131601987,19645671
131601987,94918917
131601987,51899148
131601987,93583821
131601987,84200495
131601987,42300444
131601987,51477206
131601987,19088665
131601987,87655141
131601987,173332472
131601987,167939376
131601987,93885127
131601987,292028596
131601987,271268885
131601987,104155395
131601987,105643923
131601987,108621190
131601987,88127695
131601987,234927940
131601987,114019911
131601987,3359851
131601987,90779436
131601987,20870216
131601987,27853708
131601987,29514951
131601987,262045931
131601987,35617065
131601987,34068984
131601987,294656128
131601987,95996755
131601987,82030021
131601987,114023805
131601987,210839744
131601987,238289569
131601987,15993650
131601987,120428242
131601987,278342475
131601987,176295721
131601987,108928516
131601987,101859065
131601987,7806462
131601987,182163783
131601987,24997470
131601987,19364937
131601987,23041697
131601987,21225078
131601987,204980873
131601987,28482819
131601987,116952434
131601987,200291506
131601987,486339492
131601987,119121697
131601987,357741061
131601987,32511443
131601987,90722891
88127695,28149277
88127695,88130019
88127695,472549100
88127695,238289569
88127695,200291506
88127695,211270920
88127695,28482819
88127695,117517146
88127695,94918917
88127695,19364937
88127695,96513226
88127695,21624907
88127695,114019911
88127695,294656128
88127695,29514951
88127695,65936054
88127695,105035129
88127695,10228272
88127695,262045931
88127695,39177632
88127695,259410199
88127695,87655141
88127695,20870216
88127695,90779436
88127695,348610731
88127695,141021153
88127695,111164068
88127695,357741061
88127695,82030021
88127695,176295721
88127695,18742444
88127695,16955141
88127695,115273013
88127695,218764303
88127695,474919140
88127695,7806462
88127695,486339492
88127695,325670642
88127695,3359851
88127695,42300444
88127695,65673
88127695,508226086
88127695,159747564
88127695,131348416
88127695,237420957
88127695,219184547
88127695,105643923
88127695,380196467
88127695,93885127
88127695,101859065
88127695,292028596
28149277,182163783
28149277,114023805
28149277,7806462
28149277,34068984
28149277,42300444
28149277,84200495
28149277,210839744
28149277,104155395
28149277,167939376
28149277,271268885
28149277,116952434
28149277,119121697
28149277,218764303
28149277,238289569
28149277,86476023
28149277,28482819
28149277,262045931
28149277,3359851
28149277,108621190
28149277,21225078
28149277,114019911
28149277,204980873
28149277,16955141
28149277,85501252
28149277,176295721
28149277,20870216
28149277,325670642
28149277,90779436
28149277,108928516
28149277,486339492
28149277,29514951
28149277,173332472
28149277,101859065
28149277,203747496
28149277,55048315
28149277,472549100
28149277,19364937
28149277,105035129
28149277,215298957
28149277,32511443
28149277,65936054
28149277,82030021
28149277,24997470
28149277,93885127
28149277,131348416
28149277,294656128
28149277,51899148
28149277,211270920
28149277,15993650
28149277,90722891
28149277,120428242
28149277,219184547
28149277,117517146
28149277,111164068
28149277,227126986
28149277,21678052
28149277,348610731
28149277,200291506
28149277,234927940
28149277,278342475
28149277,35617065
28149277,19645671
28149277,65673
28149277,141021153
28149277,19084990
28149277,292028596
28149277,95980722
28149277,293353298
28149277,51477206
96513226,108928516
96513226,65936054
96513226,294656128
96513226,108621190
96513226,95980722
96513226,34068984
96513226,111164068
96513226,19364937
96513226,472533325
96513226,51477206
96513226,227126986
96513226,117517146
96513226,94918917
96513226,24997470
96513226,90779436
96513226,21225078
96513226,325552188
96513226,17663756
96513226,28482819
96513226,21678052
96513226,104155395
96513226,141021153
96513226,15993650
96513226,238289569
96513226,7806462
96513226,142635260
96513226,348610731
96513226,234927940
96513226,137962169
96513226,101859065
96513226,85501252
96513226,167939376
96513226,116952434
96513226,3359851
96513226,200291506
96513226,19645671
96513226,119121697
96513226,82030021
96513226,10228272
96513226,105035129
96513226,203747496
96513226,93885127
96513226,204980873
96513226,35617065
108928516,176295721
108928516,114019911
108928516,65673
108928516,35617065
108928516,10228272
108928516,238289569
108928516,93885127
108928516,141021153
108928516,18948541
108928516,82030021
108928516,85501252
108928516,95980722
108928516,21678052
108928516,34068984
108928516,94918917
108928516,15993650
108928516,167939376
108928516,117517146
108928516,114023805
108928516,90420314
108928516,19645671
108928516,234927940
108928516,108621190
108928516,51477206
108928516,61933836
108928516,3359851
108928516,55048315
108928516,262045931
108928516,7806462
108928516,116952434
108928516,119121697
108928516,90779436
108928516,19725644
108928516,104155395
108928516,105643923
108928516,86476023
108928516,325552188
108928516,210839744
108928516,65936054
108928516,105035129
108928516,101859065
108928516,111164068
84200495,348610731
84200495,114023805
84200495,293353298
84200495,108621190
84200495,87655141
84200495,34068984
84200495,21624907
84200495,29514951
84200495,23041697
84200495,271268885
84200495,111164068
84200495,95980722
84200495,24997470
84200495,292028596
84200495,16955141
84200495,262045931
84200495,82030021
84200495,27853708
84200495,65673
84200495,234927940
84200495,101859065
84200495,28482819
90779436,28482819
90779436,93885127
90779436,133217484
90779436,101859065
90779436,20870216
90779436,137962169
90779436,21678052
90779436,21225078
90779436,61933836
90779436,21624907
90779436,167939376
90779436,111164068
90779436,108621190
90779436,24997470
90779436,105035129
90779436,114019911
90779436,51899148
90779436,35617065
90779436,238289569
90779436,292028596
90779436,15993650
90779436,104155395
90779436,34068984
90779436,357741061
90779436,65936054
90779436,94918917
90779436,82030021
90779436,271268885
90779436,141021153
90779436,105643923
90779436,116952434
90779436,176295721
90779436,237420957
90779436,95980722
90779436,119121697
90779436,200291506
90779436,114023805
90779436,65673
90779436,120428242
90779436,380196467
176295721,101859065
176295721,19084990
176295721,19088665
176295721,17663756
176295721,29514951
176295721,137962169
176295721,141021153
176295721,105643923
176295721,18742444
176295721,10228272
176295721,204980873
176295721,119121697
176295721,95980722
176295721,111164068
176295721,93885127
176295721,3359851
176295721,203747496
176295721,116952434
176295721,19645671
176295721,82030021
176295721,167939376
176295721,94918917
176295721,27548802
176295721,17216468
176295721,15993650
176295721,65673
101859065,51477206
101859065,204980873
101859065,219184547
101859065,21678052
101859065,262045931
101859065,51899148
101859065,210839744
101859065,19645671
101859065,29514951
101859065,116952434
101859065,95996755
101859065,95980722
101859065,200291506
101859065,271268885
101859065,55048315
101859065,131348416
101859065,108621190
101859065,237420957
101859065,15993650
101859065,28482819
101859065,215298957
101859065,94918917
101859065,357741061
101859065,429537308
101859065,105035129
101859065,472533325
101859065,3359851
101859065,32511443
101859065,238289569
101859065,104155395
101859065,218764303
101859065,35617065
101859065,19364937
101859065,292028596
101859065,7806462
101859065,141021153
101859065,24997470
101859065,111164068
101859065,23041697
101859065,120428242
101859065,114023805
101859065,278342475
101859065,90722891
101859065,348610731
101859065,61933836
101859065,472549100
101859065,82030021
101859065,203747496
101859065,211270920
101859065,117517146
101859065,65673
101859065,20870216
101859065,10228272
101859065,114019911
101859065,85501252
101859065,16955141
101859065,182163783
101859065,234927940
101859065,167939376
101859065,227126986
101859065,21225078
101859065,293353298
15993650,238289569
15993650,167939376
15993650,104155395
15993650,21678052
15993650,137962169
15993650,28482819
15993650,173332472
15993650,211270920
15993650,141021153
15993650,105035129
15993650,82030021
15993650,210839744
15993650,176919659
15993650,21624907
15993650,108621190
15993650,237420957
15993650,120428242
15993650,94918917
15993650,65673
15993650,95980722
15993650,3359851
15993650,116952434
15993650,51477206
15993650,105643923
15993650,119121697
15993650,271268885
15993650,85501252
15993650,93885127
15993650,34068984
15993650,27548802
15993650,117517146
15993650,111164068
15993650,227126986
15993650,234927940
15993650,51899148
15993650,204980873
15993650,18742444
15993650,200291506
15993650,61933836
15993650,114023805
15993650,35617065
238289569,27548802
238289569,24117694
238289569,204980873
238289569,35617065
238289569,116952434
238289569,19364937
238289569,119121697
238289569,104155395
238289569,85501252
238289569,93885127
238289569,357741061
238289569,51899148
238289569,137962169
238289569,51477206
238289569,24997470
238289569,28482819
238289569,141021153
238289569,16955141
238289569,105035129
238289569,19645671
238289569,21678052
238289569,108621190
238289569,65673
238289569,200291506
238289569,167939376
238289569,348610731
238289569,210839744
238289569,173332472
238289569,105643923
238289569,19084990
238289569,7806462
238289569,237420957
238289569,21624907
238289569,271268885
238289569,211270920
238289569,21225078
238289569,3359851
238289569,325552188
238289569,111164068
238289569,297472992
238289569,34068984
238289569,227126986
238289569,95980722
238289569,259410199
238289569,82030021
238289569,94918917
238289569,32511443
238289569,117517146
238289569,20870216
210839744,227126986
210839744,27548802
210839744,262045931
210839744,19088665
210839744,29514951
210839744,200291506
210839744,394968954
210839744,7806462
210839744,173332472
210839744,203747496
210839744,21225078
210839744,94918917
210839744,105035129
210839744,95980722
210839744,116952434
210839744,137962169
210839744,141021153
210839744,472549100
210839744,131348416
210839744,325552188
210839744,111164068
210839744,472533325
210839744,3359851
210839744,348610731
210839744,65673
210839744,35617065
210839744,167939376
210839744,21678052
210839744,19084990
227126986,111164068
227126986,20870216
227126986,21225078
227126986,119121697
227126986,108621190
227126986,55048315
227126986,28482819
227126986,27548802
227126986,29514951
227126986,34068984
227126986,24117694
227126986,262045931
227126986,51899148
227126986,95980722
227126986,234927940
227126986,167939376
227126986,173332472
227126986,90722891
227126986,94918917
227126986,215298957
227126986,21624907
227126986,237420957
227126986,26967932
227126986,95996755
227126986,117517146
227126986,65936054
227126986,105643923
227126986,105035129
227126986,82030021
227126986,61933836
27548802,21225078
27548802,218764303
27548802,35617065
27548802,111164068
27548802,234927940
27548802,55048315
27548802,116952434
27548802,65673
27548802,94918917
27548802,86476023
27548802,105035129
27548802,167939376
27548802,51477206
27548802,325552188
27548802,65936054
27548802,380196467
27548802,104155395
27548802,278342475
27548802,131348416
27548802,95980722
27548802,330582356
27548802,51899148
141021153,137962169
141021153,21678052
141021153,34068984
141021153,119121697
141021153,114019911
141021153,293353298
141021153,24997470
141021153,325552188
141021153,219184547
141021153,35617065
141021153,93885127
141021153,203747496
141021153,237420957
141021153,95980722
141021153,200291506
141021153,18742444
141021153,111164068
141021153,204980873
141021153,167939376
141021153,65936054
141021153,105643923
141021153,116952434
141021153,51899148
141021153,16955141
141021153,20870216
141021153,19364937
141021153,94918917
141021153,28482819
141021153,105035129
141021153,65673
141021153,85501252
141021153,104155395
141021153,29514951
141021153,93583821
141021153,61933836
141021153,357741061
141021153,234927940
141021153,3359851
141021153,108621190
141021153,21624907
141021153,173332472
141021153,7806462
141021153,21225078
141021153,24117694
141021153,348610731
141021153,211270920
141021153,10228272
141021153,472533325
141021153,82030021
24117694,116952434
24117694,34068984
24117694,348610731
24117694,21624907
24117694,85501252
24117694,3359851
24117694,114023805
24117694,18742444
167939376,105643923
167939376,119121697
167939376,131348416
167939376,262045931
167939376,105035129
167939376,325552188
167939376,21678052
167939376,82030021
167939376,111164068
167939376,297472992
167939376,65673
167939376,34068984
167939376,28482819
167939376,173332472
167939376,219184547
167939376,20870216
167939376,95980722
167939376,211270920
167939376,18742444
167939376,24997470
167939376,93885127
167939376,116952434
167939376,108621190
167939376,3359851
167939376,474919140
167939376,94918917
167939376,472549100
167939376,137962169
167939376,114023805
167939376,51899148
167939376,21225078
167939376,65936054
167939376,7806462
167939376,218764303
167939376,35617065
167939376,104155395
159747564,357741061
159747564,325670642
159747564,508226086
159747564,474919140
159747564,472549100
159747564,114019911
159747564,218764303
159747564,19364937
159747564,88130019
159747564,262045931
159747564,42300444
159747564,215298957
357741061,53154874
357741061,200291506
357741061,21678052
357741061,29514951
357741061,474919140
357741061,219184547
357741061,93885127
357741061,262045931
357741061,82030021
357741061,114019911
357741061,111164068
357741061,131348416
357741061,21624907
357741061,93583821
357741061,105643923
357741061,218764303
357741061,472549100
357741061,19364937
357741061,28482819
357741061,394968954
357741061,42300444
357741061,24997470
357741061,34068984
357741061,215298957
357741061,348610731
51899148,3359851
51899148,35617065
51899148,65673
51899148,21678052
51899148,348610731
51899148,108621190
51899148,90420314
51899148,82030021
51899148,119121697
51899148,18742444
51899148,104155395
51899148,86476023
51899148,85501252
51899148,28482819
51899148,111164068
51899148,95980722
51899148,90722891
51899148,34068984
51899148,21624907
51899148,105035129
51899148,105643923
51899148,116952434
51899148,29514951
51899148,10228272
51899148,55048315
51899148,94918917
51899148,17663756
51899148,120428242
51899148,93885127
51899148,51477206
51899148,204980873
3359851,20870216
3359851,114019911
3359851,18948541
3359851,34068984
3359851,292028596
3359851,65673
3359851,10228272
3359851,472533325
3359851,31353077
3359851,32511443
3359851,18742444
3359851,90420314
3359851,104155395
3359851,325670642
3359851,108621190
3359851,27853708
3359851,203747496
3359851,297472992
3359851,237420957
3359851,131348416
3359851,293353298
3359851,19364937
3359851,218764303
3359851,93885127
3359851,26967932
3359851,24997470
3359851,119121697
3359851,116952434
3359851,142635260
3359851,19088665
3359851,21225078
3359851,105643923
3359851,114023805
3359851,35617065
3359851,29514951
3359851,51477206
3359851,278342475
3359851,65936054
3359851,325552188
3359851,111164068
3359851,21678052
3359851,55048315
3359851,211270920
3359851,330582356
3359851,23041697
3359851,200291506
3359851,219184547
3359851,21624907
3359851,234927940
51477206,120428242
51477206,86476023
51477206,95980722
51477206,380196467
51477206,10228272
51477206,35617065
51477206,131348416
51477206,87655141
51477206,65673
51477206,204980873
51477206,108621190
51477206,21225078
51477206,105035129
51477206,82030021
51477206,55048315
51477206,19645671
51477206,114023805
51477206,65936054
51477206,111164068
51477206,29514951
51477206,348610731
51477206,104155395
51477206,325552188
51477206,24997470
51477206,34068984
51477206,116952434
120428242,82030021
120428242,29514951
120428242,105035129
120428242,21678052
120428242,108621190
120428242,111164068
120428242,114023805
120428242,19725644
120428242,65673
120428242,85501252
120428242,234927940
116952434,94918917
116952434,29514951
116952434,61933836
116952434,65673
116952434,28482819
116952434,104155395
116952434,108621190
116952434,237420957
116952434,119121697
116952434,18742444
116952434,105035129
116952434,200291506
116952434,204980873
116952434,95980722
116952434,24997470
116952434,96821645
116952434,34068984
116952434,21678052
116952434,111164068
116952434,105643923
116952434,90722891
116952434,20870216
116952434,85501252
116952434,114023805
116952434,211270920
116952434,35617065
116952434,21624907
116952434,117517146
116952434,93885127
116952434,82030021
116952434,21225078
116952434,271268885
94918917,35617065
94918917,294656128
94918917,117517146
94918917,278342475
94918917,105643923
94918917,204980873
94918917,21225078
94918917,114019911
94918917,200291506
94918917,380196467
94918917,65673
94918917,218764303
94918917,119121697
94918917,237420957
94918917,85501252
94918917,292028596
94918917,28482819
94918917,95980722
94918917,211270920
94918917,65936054
94918917,21678052
94918917,262045931
94918917,32511443
94918917,46140684
94918917,472533325
94918917,234927940
94918917,111164068
94918917,19364937
94918917,105035129
94918917,325552188
94918917,86476023
94918917,203747496
94918917,20870216
94918917,24997470
94918917,104155395
94918917,34068984
94918917,93885127
93885127,119121697
93885127,219184547
93885127,65936054
93885127,234927940
93885127,35617065
93885127,95980722
93885127,348610731
93885127,114023805
93885127,111164068
93885127,203747496
93885127,105035129
93885127,34068984
93885127,28482819
93885127,19364937
93885127,204980873
93885127,61933836
93885127,104155395
93885127,137962169
93885127,21678052
93885127,472533325
93885127,218764303
93885127,131348416
93885127,237420957
93885127,108621190
93885127,65673
93885127,18742444
93885127,114019911
93885127,20870216
93885127,21225078
93885127,211270920
93885127,278342475
93885127,24997470
93885127,259410199
93885127,325552188
119121697,105643923
119121697,35617065
119121697,211270920
119121697,176919659
119121697,34068984
119121697,104155395
119121697,105035129
119121697,234927940
119121697,200291506
119121697,131348416
119121697,95980722
119121697,65673
119121697,108621190
119121697,82030021
119121697,20870216
119121697,111164068
119121697,114019911
119121697,21678052
119121697,7806462
119121697,21624907
119121697,237420957
119121697,262045931
53154874,218764303
53154874,262045931
53154874,65936054
53154874,93583821
237420957,218764303
237420957,105643923
237420957,105035129
237420957,7806462
237420957,104155395
237420957,325552188
237420957,348610731
237420957,65673
237420957,472533325
237420957,111164068
237420957,380196467
237420957,20870216
237420957,21678052
237420957,61933836
237420957,173332472
237420957,35617065
237420957,200291506
237420957,34068984
237420957,65936054
237420957,21225078
237420957,95980722
237420957,29514951
262045931,28886305
262045931,486339492
262045931,20870216
262045931,114019911
262045931,42300444
262045931,380196467
262045931,105035129
262045931,95996755
262045931,211270920
262045931,105643923
262045931,7806462
262045931,27853708
262045931,348610731
262045931,65673
262045931,88130019
262045931,23041697
262045931,429537308
262045931,82030021
262045931,87655141
262045931,29514951
262045931,271268885
262045931,508226086
262045931,46140684
262045931,115273013
262045931,472549100
262045931,131348416
262045931,19088665
262045931,218764303
262045931,472533325
262045931,234927940
262045931,19364937
262045931,294656128
262045931,111164068
262045931,278342475
262045931,292028596
262045931,259410199
262045931,35617065
262045931,474919140
262045931,219184547
262045931,65936054
262045931,330582356
262045931,39177632
262045931,108621190
262045931,16955141
262045931,444206293
262045931,125882868
19088665,32511443
19088665,29514951
19088665,85501252
19088665,27853708
19088665,203747496
19088665,486339492
19088665,28482819
19088665,87655141
19088665,219184547
19088665,111164068
82030021,293353298
82030021,21678052
82030021,348610731
82030021,19084990
82030021,131348416
82030021,26967932
82030021,20870216
82030021,114019911
82030021,19645671
82030021,104155395
82030021,173332472
82030021,17663756
82030021,32511443
82030021,42300444
82030021,55048315
82030021,271268885
82030021,292028596
82030021,474919140
82030021,218764303
82030021,86476023
82030021,211270920
82030021,28482819
82030021,219184547
82030021,7806462
82030021,472533325
82030021,259410199
82030021,35617065
82030021,95980722
82030021,21225078
82030021,65673
82030021,472549100
82030021,29514951
82030021,16955141
82030021,294656128
82030021,108621190
82030021,34068984
82030021,111164068
82030021,114023805
82030021,115273013
82030021,95996755
82030021,117517146
82030021,65936054
82030021,234927940
82030021,85501252
82030021,325670642
82030021,429537308
82030021,204980873
82030021,19364937
82030021,486339492
82030021,200291506
82030021,215298957
82030021,24997470
82030021,105035129
293353298,108621190
293353298,34068984
293353298,111164068
293353298,16955141
293353298,182163783
293353298,24997470
293353298,95980722
293353298,27853708
293353298,28482819
293353298,18742444
293353298,29514951
293353298,211270920
293353298,19084990
293353298,348610731
293353298,131348416
293353298,394968954
293353298,114023805
105643923,65673
105643923,104155395
105643923,173332472
105643923,21678052
105643923,19364937
105643923,28482819
105643923,20870216
105643923,95980722
105643923,65936054
105643923,325552188
105643923,35617065
105643923,200291506
105643923,218764303
105643923,380196467
105643923,26967932
105643923,111164068
105643923,348610731
105643923,7806462
35617065,259410199
35617065,348610731
35617065,18742444
35617065,472533325
35617065,380196467
35617065,19645671
35617065,39177632
35617065,117517146
35617065,325552188
35617065,28482819
35617065,21678052
35617065,61933836
35617065,200291506
35617065,95980722
35617065,65673
35617065,474919140
35617065,7806462
35617065,104155395
35617065,85501252
35617065,204980873
35617065,111164068
35617065,108621190
35617065,21624907
35617065,34068984
35617065,10228272
35617065,137962169
200291506,111164068
200291506,28482819
200291506,137962169
200291506,259410199
200291506,29514951
200291506,19645671
200291506,24997470
200291506,117517146
200291506,114019911
200291506,429537308
200291506,297472992
200291506,7806462
200291506,85501252
200291506,65673
200291506,34068984
200291506,219184547
200291506,21624907
200291506,18742444
200291506,472533325
200291506,114023805
200291506,211270920
200291506,95980722
200291506,234927940
200291506,348610731
200291506,271268885
200291506,325552188
88130019,472549100
88130019,42300444
88130019,325670642
88130019,474919140
88130019,19364937
88130019,65936054
88130019,87655141
88130019,234927940
21225078,46140684
21225078,32511443
21225078,27853708
21225078,10228272
21225078,28482819
21225078,218764303
21225078,108621190
21225078,111164068
21225078,234927940
21225078,325552188
21225078,95980722
21225078,18742444
21225078,204980873
21225078,34068984
21225078,29514951
21225078,348610731
85501252,137962169
85501252,90420314
85501252,292028596
85501252,19645671
85501252,259410199
85501252,173332472
85501252,21624907
85501252,65673
85501252,108621190
85501252,204980873
85501252,111164068
85501252,26967932
85501252,21678052
85501252,234927940
85501252,271268885
85501252,31353077
182163783,111164068
182163783,29514951
182163783,24997470
182163783,96821645
182163783,16955141
182163783,114023805
182163783,348610731
271268885,114023805
271268885,111164068
271268885,65936054
271268885,28482819
271268885,108621190
271268885,105035129
271268885,278342475
271268885,95980722
271268885,117517146
271268885,19364937
271268885,34068984
271268885,429537308
271268885,23041697
271268885,16955141
271268885,29514951
114023805,87655141
114023805,176919659
114023805,34068984
114023805,95980722
114023805,16955141
114023805,117517146
114023805,65673
114023805,18742444
114023805,215298957
114023805,111164068
114023805,28482819
114023805,61933836
114023805,29514951
114023805,105035129
114023805,18948541
114023805,23041697
474919140,90722891
474919140,19364937
474919140,65936054
474919140,444206293
474919140,7806462
474919140,131348416
474919140,219184547
474919140,114019911
474919140,28482819
474919140,380196467
474919140,472549100
474919140,42300444
474919140,215298957
474919140,508226086
474919140,111164068
90722891,111164068
90722891,27853708
90722891,203747496
90722891,348610731
90722891,65673
90722891,32511443
90722891,65936054
90722891,24997470
90722891,26967932
90722891,29514951
90722891,472533325
90722891,16955141
90722891,34068984
90722891,104155395
90722891,95980722
90722891,28482819
472549100,19364937
472549100,278342475
472549100,508226086
472549100,444206293
472549100,65673
472549100,380196467
472549100,114019911
472549100,7806462
472549100,218764303
472549100,42300444
472549100,108621190
472549100,65936054
472549100,131348416
472549100,292028596
472549100,219184547
332090339,40758590
332090339,404565458
332090339,17879050
332090339,49447167
332090339,74230564
332090339,97417590
332090339,58931070
40758590,334321077
40758590,74230564
40758590,17879050
40758590,49447167
40758590,404565458
40758590,90420314
40758590,31353077
23041697,111164068
23041697,28482819
23041697,27853708
23041697,234927940
23041697,16955141
23041697,18742444
23041697,29514951
23041697,219184547
23041697,292028596
111164068,21678052
111164068,42300444
111164068,114019911
111164068,215298957
111164068,472533325
111164068,19364937
111164068,19645671
111164068,211270920
111164068,34068984
111164068,65673
111164068,203747496
111164068,32511443
111164068,20870216
111164068,95996755
111164068,348610731
111164068,7806462
111164068,10228272
111164068,21624907
111164068,117517146
111164068,104155395
111164068,19084990
111164068,486339492
111164068,24997470
111164068,61933836
111164068,429537308
111164068,278342475
111164068,28482819
111164068,16955141
111164068,29514951
111164068,204980873
111164068,259410199
111164068,55048315
111164068,394968954
111164068,108621190
111164068,173332472
111164068,234927940
111164068,105035129
111164068,65936054
111164068,95980722
111164068,87655141
111164068,69051282
111164068,137962169
111164068,218764303
21678052,137962169
21678052,95980722
21678052,104155395
21678052,86476023
21678052,28482819
21678052,29514951
21678052,105035129
21678052,18742444
21678052,21624907
21678052,108621190
21678052,65673
21678052,211270920
21678052,46140684
21678052,7806462
21678052,218764303
21678052,16955141
21678052,20870216
21678052,34068984
21678052,17663756
21678052,10228272
29514951,472533325
29514951,105035129
29514951,16955141
29514951,19364937
29514951,20870216
29514951,278342475
29514951,215298957
29514951,61933836
29514951,219184547
29514951,19645671
29514951,7806462
29514951,131348416
29514951,24997470
29514951,173332472
29514951,65673
29514951,95980722
29514951,294656128
29514951,292028596
29514951,204980873
29514951,211270920
29514951,19084990
29514951,218764303
29514951,28482819
29514951,108621190
29514951,348610731
108621190,234927940
108621190,137962169
108621190,24997470
108621190,86476023
108621190,105035129
108621190,34068984
108621190,173332472
108621190,348610731
108621190,218764303
108621190,16955141
108621190,21624907
108621190,486339492
108621190,211270920
108621190,104155395
108621190,28482819
108621190,65936054
108621190,65673
108621190,20870216
108621190,176919659
472533325,211270920
472533325,95980722
472533325,203747496
472533325,93583821
472533325,259410199
472533325,34068984
204980873,218764303
204980873,95980722
204980873,20870216
204980873,173332472
204980873,34068984
204980873,7806462
204980873,131348416
204980873,292028596
204980873,137962169
204980873,117517146
204980873,26967932
65936054,131348416
65936054,325552188
65936054,219184547
65936054,34068984
65936054,330582356
65936054,42300444
65936054,19725644
65936054,90420314
65936054,380196467
65936054,17663756
65936054,19364937
65936054,65673
65936054,278342475
65936054,215298957
65936054,86476023
65936054,18948541
65936054,508226086
65936054,234927940
259410199,203747496
259410199,114019911
259410199,21624907
259410199,7806462
259410199,218764303
259410199,348610731
259410199,19645671
219184547,137962169
219184547,444206293
219184547,34068984
219184547,292028596
219184547,39177632
219184547,218764303
219184547,131348416
219184547,7806462
219184547,42300444
219184547,117517146
219184547,508226086
219184547,19364937
219184547,114019911
46140684,234927940
173332472,348610731
173332472,28482819
173332472,218764303
173332472,95980722
173332472,65673
173332472,19084990
19364937,131348416
19364937,211270920
19364937,10228272
19364937,42300444
19364937,508226086
19364937,325670642
19364937,87655141
19364937,18742444
19364937,7806462
19364937,21624907
19364937,114019911
19364937,486339492
19364937,28482819
19364937,218764303
19364937,348610731
19364937,65673
19364937,105035129
19364937,16955141
131348416,380196467
131348416,325552188
131348416,508226086
131348416,297472992
131348416,86476023
131348416,65673
131348416,42300444
131348416,278342475
131348416,34068984
131348416,18742444
380196467,42300444
380196467,114019911
61933836,211270920
61933836,292028596
61933836,104155395
61933836,348610731
61933836,28482819
61933836,294656128
61933836,20870216
61933836,234927940
61933836,24997470
61933836,105035129
61933836,203747496
61933836,34068984
61933836,65673
486339492,28482819
486339492,24997470
486339492,69051282
65673,10228272
65673,104155395
65673,211270920
65673,86476023
65673,215298957
65673,55048315
65673,137962169
65673,95980722
65673,32511443
65673,7806462
65673,20870216
65673,142635260
65673,34068984
65673,16955141
65673,18742444
65673,26967932
65673,117517146
65673,21624907
65673,105035129
65673,348610731
65673,218764303
65673,95996755
65673,24997470
42300444,234927940
42300444,7806462
42300444,429537308
42300444,218764303
42300444,87655141
42300444,278342475
42300444,211270920
42300444,325670642
42300444,114019911
42300444,294656128
42300444,28482819
42300444,105035129
42300444,444206293
42300444,508226086
42300444,292028596
218764303,114019911
218764303,20870216
218764303,7806462
218764303,21624907
218764303,86476023
218764303,95980722
218764303,117517146
218764303,142635260
20870216,21624907
20870216,18948541
20870216,114019911
20870216,104155395
20870216,95996755
20870216,105035129
20870216,10228272
20870216,142635260
20870216,325552188
20870216,137962169
20870216,34068984
20870216,95980722
20870216,55048315
20870216,18742444
20870216,28482819
19084990,10228272
19084990,27853708
19084990,348610731
19084990,32511443
19084990,19645671
19084990,24997470
19084990,18742444
19084990,292028596
19084990,203747496
16955141,28482819
16955141,27853708
16955141,292028596
16955141,19725644
16955141,17663756
16955141,24997470
16955141,95980722
16955141,10228272
16955141,348610731
16955141,278342475
16955141,394968954
16955141,104155395
16955141,90420314
28482819,104155395
28482819,34068984
28482819,292028596
28482819,26967932
28482819,105035129
28482819,24997470
28482819,348610731
28482819,95996755
28482819,21624907
28482819,203747496
28482819,95980722
28482819,278342475
28482819,93583821
211270920,24997470
211270920,7806462
211270920,104155395
211270920,95980722
348610731,394968954
348610731,24997470
348610731,26967932
348610731,27853708
348610731,19645671
348610731,95980722
348610731,95996755
348610731,203747496
348610731,114019911
348610731,215298957
348610731,21624907
137962169,18948541
137962169,19725644
137962169,104155395
137962169,234927940
278342475,234927940
278342475,297472992
278342475,34068984
278342475,508226086
278342475,19645671
34068984,114019911
34068984,105035129
34068984,104155395
34068984,31353077
34068984,21624907
34068984,325552188
34068984,234927940
34068984,27853708
34068984,7806462
34068984,95980722
34068984,203747496
34068984,24997470
34068984,55048315
234927940,18742444
234927940,27853708
234927940,95980722
19725644,18948541
19725644,17879050
19725644,86476023
19725644,404565458
18948541,90420314
18948541,105035129
18948541,404565458
18948541,125882868
334321077,17879050
334321077,31353077
334321077,233386754
334321077,404565458
87655141,27853708
87655141,105035129
27853708,95996755
27853708,394968954
10228272,133217484
10228272,292028596
10228272,69051282
10228272,114019911
10228272,93583821
18742444,24997470
18742444,32511443
18742444,26967932
18742444,325670642
95980722,24997470
95980722,114019911
95980722,105035129
95980722,104155395
95980722,292028596
95980722,117517146
19645671,203747496
19645671,86476023
19645671,330582356
19645671,32511443
114019911,21624907
17879050,74230564
17879050,55406140
17879050,404565458
17879050,31353077
17879050,90420314
117517146,55048315
117517146,104155395
90420314,404565458
90420314,17663756
90420314,292028596
90420314,233386754
90420314,31353077
90420314,97417590
24997470,394968954
24997470,104155395
24997470,292028596
24997470,21624907
104155395,86476023
104155395,325552188
104155395,203747496
104155395,55048315
104155395,105035129
104155395,176919659
104155395,142635260
215298957,325552188
215298957,86476023
105035129,17663756
105035129,394968954
21624907,325552188
325552188,86476023
74230564,58931070
74230564,49447167
74230564,404565458
74230564,31353077
74230564,55406140
31353077,97417590
31353077,233386754
31353077,17663756
31353077,55406140
31353077,404565458
292028596,297472992
55048315,86476023
7806462,508226086
233386754,404565458
429537308,17663756
404565458,49447167
404565458,55406140
404565458,275215221
97417590,58931070
17663756,115273013
96821645,49447167
17148057,80661743
